--Dữ liệu phòng ban
insert into department(id,name)
values
('c3a7cd04-80bb-40c3-a3d6-814d5c3366bb','Điều hành ban quản lý'),
('32377719-5e01-4862-a512-f1031169d21d','Phòng kỹ thuật'),
('f136c015-e6dd-43d1-bf99-1b6073dc38b1','Bộ phận kế toán'),
('89780db0-ed39-4c08-8bcb-54f3b1ddb7a3','Bộ phận vệ sinh'),
('ac299d4a-efb0-4273-9410-ae88dae372db','Bộ phận an ninh'),
('1807ec2a-1d93-4589-846e-2ced74116ec7','Bộ phận cảnh quan'),
('ce19e95f-32c3-424a-8909-9c7c220068b6','Bộ phận lễ tân'),
('47ce0413-a7a0-4d49-8e99-44c495f09d8d','Ban quản trị');

--Dữ liệu vị trí làm việc
insert into job_position(id,name,department_id)
values
('f922a1c8-37bd-423a-82f5-9ad107de5e61','Trưởng BQL','c3a7cd04-80bb-40c3-a3d6-814d5c3366bb'),
('0a14232a-1f7b-4625-9d09-cafff5c43916','Phó BQL','c3a7cd04-80bb-40c3-a3d6-814d5c3366bb'),
('5c8865ee-1663-407f-b41e-a57c3c123395','Tổ trưởng kỹ thuật','32377719-5e01-4862-a512-f1031169d21d'),
('f407f05c-ca6f-472a-89f3-ab0130c43442','Nhân viên kỹ thuật','32377719-5e01-4862-a512-f1031169d21d'),
('7b83f82b-de8d-4c23-8df6-45166ab81800','Tổ trưởng vệ sinh','89780db0-ed39-4c08-8bcb-54f3b1ddb7a3'),
('3dcbf4f1-a18d-4619-816f-4ef9a9e9920e','Nhân viên vệ sinh','89780db0-ed39-4c08-8bcb-54f3b1ddb7a3'),
('5cbc0e47-6d65-4eaa-807b-19c401b7f4ed','Tổ trưởng an ninh','ac299d4a-efb0-4273-9410-ae88dae372db'),
('84a21531-a330-4281-adb0-cf106e87b820','Nhân viên an ninh','ac299d4a-efb0-4273-9410-ae88dae372db'),
('716312c2-6822-4e5d-9d02-23260d82a7de','Lễ tân','ce19e95f-32c3-424a-8909-9c7c220068b6'),
('387ff382-3984-4b54-b756-5e77a134a9af','Kế toán','f136c015-e6dd-43d1-bf99-1b6073dc38b1'),
('62813af5-9de9-41fc-b311-98ecb19de7ea','Nhân viên cảnh quan','1807ec2a-1d93-4589-846e-2ced74116ec7'),
('534dabf6-fa46-4548-b5af-237728194da7','Trưởng BQT','47ce0413-a7a0-4d49-8e99-44c495f09d8d'),
('11f9dbec-d302-4b82-92cc-17e6bd1b3566','Phó BQT','47ce0413-a7a0-4d49-8e99-44c495f09d8d'),
('b6feda1b-5807-472a-a44b-b71dd7e2b3e9','Thành viên BQT','47ce0413-a7a0-4d49-8e99-44c495f09d8d');


--Dữ liệu phí chung cư
insert into fee(id,name,amount,unit,code)
values
('c2015247-92a3-4861-9222-178f69692b7c','Phí quản lý',15000,'m2','MANAGE_FEE'),
('599f3cd4-9cd3-4c8e-a249-62b58600c741','Phí gửi xe máy theo tháng',200000,'xe máy','MOTO_PARKING_FEE'),
('3ee52d3a-d9e6-4f89-b0dd-d0feff137d58','Phí gửi ô tô theo tháng',500000,'ô tô','CAR_PARKING_FEE'),
('1ec2cda8-ef3d-4e6f-bc43-b43089f97743','Phí tổ chức sự kiện',200000,'sự kiện','EVENT_FEE'),
('a853c46f-d138-410a-bef6-4063dd41ddc1','Tiền nước',12000,'m3','WATER_FEE');

--Dữ liệu khu vực
insert into area(id,building,location)
values
('569623f5-0ff5-44bd-8f2b-dd3a387b0d5e','A','Sảnh'),
('0eef529c-a9e6-4000-85d7-37b87f6e76f5','A','Các tầng'),
('645e8a0f-a8dd-4895-836d-ad4da0fcc472','A','Tầng hầm'),
('c8bfba86-9286-471b-bbfe-901bc1469d27','A','Khuôn viên'),
('3a3e5f11-6b0c-4794-95c6-2406762f8ebc','B','Sảnh'),
('2a2753b4-3243-485c-a648-832b2ede6e35','B','Các tầng'),
('74c5ea99-69c6-4942-a386-076fc4001014','B','Tầng hầm'),
('11c98fe3-18da-48a1-a8fa-bc0e2c7bfde0','B','Khuôn viên');

-- Dữ liệu quyền
insert into privilege(id, table_name, action, description, code)
values
('411392ce-350c-4365-8d57-a758d104b370', 'apartment', 'READ', 'read apartment', 'READ_APARTMENT'),
('076cb362-4ec6-4d7e-982f-91a64481b2c3', 'apartment', 'CREATE', 'create apartment', 'CREATE_APARTMENT'),
('db2b0131-f8d6-4e8d-8be4-b5f58a8a9be1', 'apartment', 'WRITE', 'write apartment', 'WRITE_APARTMENT'),
('ece1ddd9-ff45-4be5-ad9b-8c977fd6b934', 'apartment', 'DELETE', 'delete apartment', 'DELETE_APARTMENT'),
('62406af1-c52f-4079-a795-46da567523e3', 'apartment', 'APPROVE', 'approve apartment', 'APPROVE_APARTMENT'),
('6b05335b-1a5c-4dc0-911e-65f6c1221e5d', 'staff', 'READ', 'read staff', 'READ_STAFF'),
('fdf97334-881e-45c7-b0f8-a9ec3d401d46', 'staff', 'CREATE', 'create staff', 'CREATE_STAFF'),
('91463e35-1685-4559-8eba-ee4d0ca9085d', 'staff', 'WRITE', 'write staff', 'WRITE_STAFF'),
('68cfe485-b64f-4f99-ae4b-f77feb29428b', 'staff', 'DELETE', 'delete staff', 'DELETE_STAFF'),
('a168ec6c-c4b5-4319-86da-99ed449f0dba', 'staff', 'APPROVE', 'approve staff', 'APPROVE_STAFF'),
('1586ecbf-4c2b-40bd-b446-a70df4b06942', 'department', 'READ', 'read department', 'READ_DEPARTMENT'),
('f18da421-bca9-43b7-bcbd-8de0f243a1dd', 'department', 'CREATE', 'create department', 'CREATE_DEPARTMENT'),
('10c41100-d280-4a9b-ac50-4d5fc6cbc356', 'department', 'WRITE', 'write department', 'WRITE_DEPARTMENT'),
('f62a02bd-ac22-4ec1-bcdc-918747bb0dbb', 'department', 'DELETE', 'delete department', 'DELETE_DEPARTMENT'),
('355f0b10-eaf0-422f-926a-93c80f83fc62', 'department', 'APPROVE', 'approve department', 'APPROVE_DEPARTMENT'),
('1dcf891f-b18c-4550-b590-3fd5379301e9', 'fee', 'READ', 'read fee', 'READ_FEE'),
('d8331b4b-b926-4384-8e6b-f5253afae497', 'fee', 'CREATE', 'create fee', 'CREATE_FEE'),
('7f1054eb-b7fa-45a6-96c7-a6f517f3a185', 'fee', 'WRITE', 'write fee', 'WRITE_FEE'),
('97f39139-4aad-4716-8029-6a882ddce979', 'fee', 'DELETE', 'delete fee', 'DELETE_FEE'),
('d79beb75-248e-4e29-ae13-629dbf407f07', 'fee', 'APPROVE', 'approve fee', 'APPROVE_FEE'),
('091d615d-cf81-4fa6-86bb-ee9b7b3d8d49', 'area', 'READ', 'read area', 'READ_AREA'),
('4cd85181-5923-4e67-a574-02426b2b2153', 'area', 'CREATE', 'create area', 'CREATE_AREA'),
('bf7c81a3-a803-4664-b076-2f8bdadb00bd', 'area', 'WRITE', 'write area', 'WRITE_AREA'),
('fae07d59-5648-40d8-8511-27c96fed4335', 'area', 'DELETE', 'delete area', 'DELETE_AREA'),
('3ab500c5-4d82-4cb9-93e6-a251ca19d479', 'area', 'APPROVE', 'approve area', 'APPROVE_AREA'),
('066d696f-abcf-419e-b496-af69afbebdd5', 'role', 'READ', 'read role', 'READ_ROLE'),
('33decfea-0b75-4091-a9c5-541cb2ea117c', 'role', 'CREATE', 'create role', 'CREATE_ROLE'),
('1ffb4a69-8fb4-4475-8397-ae4b90c1e1c4', 'role', 'WRITE', 'write role', 'WRITE_ROLE'),
('8e8feb5c-6bf9-49c1-8331-deb8bdcec072', 'role', 'DELETE', 'delete role', 'DELETE_ROLE'),
('7dcca36e-b429-4e15-b4e2-3d149c2983fe', 'role', 'APPROVE', 'approve role', 'APPROVE_ROLE'),
('29788956-7195-4cbc-a4b2-4464f42120d5', 'account', 'READ', 'read account', 'READ_ACCOUNT'),
('9b7e8b6f-adb3-4917-9c88-2712ff70703b', 'account', 'CREATE', 'create account', 'CREATE_ACCOUNT'),
('873a4322-f325-4f68-baaf-a2d875f5db90', 'account', 'WRITE', 'write account', 'WRITE_ACCOUNT'),
('62032280-1fd8-4ce6-97ce-c152c5d419ca', 'account', 'DELETE', 'delete account', 'DELETE_ACCOUNT'),
('e59e0667-07cd-4a09-9506-8c7371938990', 'account', 'APPROVE', 'approve account', 'APPROVE_ACCOUNT'),
('c8cb262b-3685-48f3-96c7-407cd66f9ddf', 'event', 'READ', 'read event', 'READ_EVENT'),
('d9af8cb2-5010-4d5e-ac96-cd625c476365', 'event', 'CREATE', 'create event', 'CREATE_EVENT'),
('ff1ab559-7c50-461b-8936-f43825baf1ed', 'event', 'WRITE', 'write event', 'WRITE_EVENT'),
('64a24026-b9f2-4a9f-b8b5-6109629fd1fd', 'event', 'DELETE', 'delete event', 'DELETE_EVENT'),
('9f6de3b2-6eab-4233-a7ba-6ac1d5e1a60e', 'event', 'APPROVE', 'approve event', 'APPROVE_EVENT'),
('a311cac8-c030-4997-ab31-dccb05164346', 'repair_info', 'READ', 'read repair_info', 'READ_REPAIR_INFO'),
('67d1a584-619d-4508-a34d-1e911f57665e', 'repair_info', 'CREATE', 'create repair_info', 'CREATE_REPAIR_INFO'),
('2d1faff4-a65f-4427-84c0-efc2c115dedd', 'repair_info', 'WRITE', 'write repair_info', 'WRITE_REPAIR_INFO'),
('5be4aab7-f58d-444b-be17-fd42115c5d8e', 'repair_info', 'DELETE', 'delete repair_info', 'DELETE_REPAIR_INFO'),
('f8cda538-a4bc-480d-a670-7240390aee15', 'repair_info', 'APPROVE', 'approve repair_info', 'APPROVE_REPAIR_INFO'),
('de7836ad-79c8-4f86-bb77-aa891486740a', 'reflect_info', 'READ', 'read reflect_info', 'READ_REFLECT_INFO'),
('772db44c-7bd4-4160-98b7-5a978d2e6010', 'reflect_info', 'CREATE', 'create reflect_info', 'CREATE_REFLECT_INFO'),
('d123cca7-2d48-481c-93dc-5aebbee01274', 'reflect_info', 'WRITE', 'write reflect_info', 'WRITE_REFLECT_INFO'),
('37647599-896c-4c54-9385-7504bccdcfb2', 'reflect_info', 'DELETE', 'delete reflect_info', 'DELETE_REFLECT_INFO'),
('2f95eff7-d23c-4db1-8f18-f1d16c0c00a2', 'reflect_info', 'APPROVE', 'approve reflect_info', 'APPROVE_REFLECT_INFO'),
('1ae2fb52-86da-444f-8762-a95be5211d6b', 'vehicle_parking_registration', 'READ', 'read vehicle_parking_registration', 'READ_VEHICLE_PARKING_REGISTRATION'),
('0e2fc1f3-2c01-485a-8a68-be111ad86f90', 'vehicle_parking_registration', 'CREATE', 'create vehicle_parking_registration', 'CREATE_VEHICLE_PARKING_REGISTRATION'),
('b50e2359-2580-4493-9571-0696d1e1a091', 'vehicle_parking_registration', 'WRITE', 'write vehicle_parking_registration', 'WRITE_VEHICLE_PARKING_REGISTRATION'),
('cfef424e-fb7f-47bb-8216-1c63cefd8011', 'vehicle_parking_registration', 'DELETE', 'delete vehicle_parking_registration', 'DELETE_VEHICLE_PARKING_REGISTRATION'),
('4d3ee016-da8d-4895-9dac-0f2e09e46569', 'vehicle_parking_registration', 'APPROVE', 'approve vehicle_parking_registration', 'APPROVE_VEHICLE_PARKING_REGISTRATION'),
('41451f96-36de-4f0f-8d30-9b43cd750a60', 'receipt', 'READ', 'read receipt', 'READ_RECEIPT'),
('5add259e-ff16-440a-9175-b65357a08fb8', 'receipt', 'CREATE', 'create receipt', 'CREATE_RECEIPT'),
('d346b859-8f36-4c05-a8f7-47b4853d00c0', 'receipt', 'WRITE', 'write receipt', 'WRITE_RECEIPT'),
('7e48f939-0e19-4b45-9bad-ecea9cf852dd', 'receipt', 'DELETE', 'delete receipt', 'DELETE_RECEIPT'),
('d1a27d5a-ae11-483f-bfbd-280ad5951512', 'receipt', 'APPROVE', 'approve receipt', 'APPROVE_RECEIPT'),
('084a44b2-ca0e-4ea4-a250-fc4fa7668290', 'receipt_detail', 'READ', 'read receipt_detail', 'READ_RECEIPT_DETAIL'),
('d6d128ca-8ff7-45b9-8024-7051aae17d97', 'receipt_detail', 'CREATE', 'create receipt_detail', 'CREATE_RECEIPT_DETAIL'),
('7b4b11d0-48d2-4dd6-87ad-937d469b16b1', 'receipt_detail', 'WRITE', 'write receipt_detail', 'WRITE_RECEIPT_DETAIL'),
('8bce4075-cc52-4911-abf4-13088b186520', 'receipt_detail', 'DELETE', 'delete receipt_detail', 'DELETE_RECEIPT_DETAIL'),
('adb761d3-496f-40da-9dc1-54e33c0c1c95', 'receipt_detail', 'APPROVE', 'approve receipt_detail', 'APPROVE_RECEIPT_DETAIL'),
('b6e7e9c4-fde1-4cbd-869d-a5d20a7a86e3', 'payslip', 'READ', 'read payslip', 'READ_PAYSLIP'),
('c0bd878b-1838-4eac-a59a-aa49cda23ce9', 'payslip', 'CREATE', 'create payslip', 'CREATE_PAYSLIP'),
('f512083a-d95d-4477-8afe-42bce9b0fe33', 'payslip', 'WRITE', 'write payslip', 'WRITE_PAYSLIP'),
('3344b7c0-76b2-4b42-9c65-86580d1dd7cb', 'payslip', 'DELETE', 'delete payslip', 'DELETE_PAYSLIP'),
('af103e5f-e429-46ba-9f25-281aa763453a', 'payslip', 'APPROVE', 'approve payslip', 'APPROVE_PAYSLIP'),
('d1aee4fd-6f00-4622-a791-673e366bfc02', 'notification', 'READ', 'read notification', 'READ_NOTIFICATION'),
('1cb2418f-7527-4d62-b694-0fe8ecc49602', 'notification', 'CREATE', 'create notification', 'CREATE_NOTIFICATION'),
('9caa6d6d-9249-4662-9363-4f13e64a9113', 'notification', 'WRITE', 'write notification', 'WRITE_NOTIFICATION'),
('04a31db3-9005-4bf3-9b03-4a57e265ba69', 'notification', 'DELETE', 'delete notification', 'DELETE_NOTIFICATION'),
('c63604f3-9d91-4a8a-952c-a607b0e05a5f', 'notification', 'APPROVE', 'approve notification', 'APPROVE_NOTIFICATION'),
('3ca64f76-7572-4c03-9f6d-e58202cc55d2', 'absence', 'READ', 'read absence', 'READ_ABSENCE'),
('11528dc3-d2de-4673-bd20-383c730f4bd7', 'absence', 'CREATE', 'create absence', 'CREATE_ABSENCE'),
('cf4e6dab-8253-4106-94bc-42574e5e1cf5', 'absence', 'WRITE', 'write absence', 'WRITE_ABSENCE'),
('e97da1f9-0c29-402e-9b0a-8547e3f7c24a', 'absence', 'DELETE', 'delete absence', 'DELETE_ABSENCE'),
('f0327806-7f26-47ac-a7be-b824a9f28232', 'absence', 'APPROVE', 'approve absence', 'APPROVE_ABSENCE'),
('c6fb3a9c-ff74-4e6a-957c-46d6e4dddc7f', 'shift', 'READ', 'read shift', 'READ_SHIFT'),
('c847b9b0-1714-4dd6-84f9-4e982b08e319', 'shift', 'CREATE', 'create shift', 'CREATE_SHIFT'),
('c96beb76-9cb5-4a12-a54b-3e18816898c5', 'shift', 'WRITE', 'write shift', 'WRITE_SHIFT'),
('71b07f2d-8f24-45ec-af31-27010d52a788', 'shift', 'DELETE', 'delete shift', 'DELETE_SHIFT'),
('c6c3aa4a-e0e5-4b0d-bf40-8769ead93315', 'shift', 'APPROVE', 'approve shift', 'APPROVE_SHIFT'),
('8137327f-a5e8-41d8-b977-1baa3e96e90a', 'device', 'READ', 'read device', 'READ_DEVICE'),
('e930952c-dd65-4595-881b-f6d158ad21c3', 'device', 'CREATE', 'create device', 'CREATE_DEVICE'),
('1e311b35-7eba-43a3-8e08-1fb8d6dfce24', 'device', 'WRITE', 'write device', 'WRITE_DEVICE'),
('bbd530be-8b95-46a3-83b9-1558d04900f5', 'device', 'DELETE', 'delete device', 'DELETE_DEVICE'),
('b1e7f906-1162-4613-8990-43a004210f0a', 'device', 'APPROVE', 'approve device', 'APPROVE_DEVICE'),
('0ad1b77d-a2f8-43c2-8ad9-da491e2e5bb6', 'device_arrange', 'READ', 'read device_arrange', 'READ_DEVICE_ARRANGE'),
('3beb1158-4227-42dc-9906-3f02b7f52d4b', 'device_arrange', 'CREATE', 'create device_arrange', 'CREATE_DEVICE_ARRANGE'),
('7e0e65f1-f443-40e9-940c-f61adfe3e0ef', 'device_arrange', 'WRITE', 'write device_arrange', 'WRITE_DEVICE_ARRANGE'),
('38716dc3-50f7-44ad-875c-350dd89a1365', 'device_arrange', 'DELETE', 'delete device_arrange', 'DELETE_DEVICE_ARRANGE'),
('b0ae3d70-0e36-43a6-be9a-f9887166fa5f', 'device_arrange', 'APPROVE', 'approve device_arrange', 'APPROVE_DEVICE_ARRANGE'),
('2ae481c9-6bb7-4760-ad78-1cc18d3b60cb', 'maintenance', 'READ', 'read maintenance', 'READ_MAINTENANCE'),
('03278966-e9e4-437d-b033-fb86cadf32fc', 'maintenance', 'CREATE', 'create maintenance', 'CREATE_MAINTENANCE'),
('ae38db1c-5593-4cc4-9e6f-58f7d65fde34', 'maintenance', 'WRITE', 'write maintenance', 'WRITE_MAINTENANCE'),
('e74970d5-2fdf-41d8-9902-f977a69ddf0d', 'maintenance', 'DELETE', 'delete maintenance', 'DELETE_MAINTENANCE'),
('25fc36f1-85d2-4e9c-840d-5b6e37ce849a', 'maintenance', 'APPROVE', 'approve maintenance', 'APPROVE_MAINTENANCE'),
('447fef18-489b-4255-924c-83fc7aa5fcd4', 'water_index', 'READ', 'read water_index', 'READ_WATER_INDEX'),
('55aece95-6023-41f5-964c-06e69101eef8', 'water_index', 'CREATE', 'create water_index', 'CREATE_WATER_INDEX'),
('2d4fca2e-c415-40ad-ab70-b59d96ff31da', 'water_index', 'WRITE', 'write water_index', 'WRITE_WATER_INDEX'),
('2ff1f35c-72ae-459c-b210-c163e11d5818', 'water_index', 'DELETE', 'delete water_index', 'DELETE_WATER_INDEX'),
('7054a730-7da5-4a3e-9d8b-5e2a2ebf21a9', 'water_index', 'APPROVE', 'approve water_index', 'APPROVE_WATER_INDEX');

--Dữ liệu vai trò người dùng
insert into role(id, code, name)
values
('61855fa5-512a-472b-bdb9-f46d89e6730d','role.management','Điều hành BQL'),
('00554178-1d6c-4993-8a00-1e973da03ad1','role.technician_head','Tổ trưởng kỹ thuật'),
('2383011a-6fa1-4d8b-b8e9-3f8c1ecb491b','role.technician','Nhân viên kỹ thuật'),
('9cafe707-3dbb-4715-a097-258c99c4120b','role.sanitation_head','Tổ trưởng vệ sinh'),
('2d9cbc81-6a04-472c-b9d8-a4cfa6b57a2e','role.sanitation_staff','Nhân viên vệ sinh'),
('00915355-e124-437e-b23e-308fd8365d73','role.security_head','Tổ trưởng an ninh'),
('6dc58c93-860f-45a4-b723-1061ec40b36d','role.security_staff','Nhân viên an ninh'),
('9cf9c927-1128-4506-b21e-716c6a02469c','role.receptionist','Lễ tân'),
('8ae728e4-a201-48f8-8bb7-64aa7ff97729','role.accountant','Kế toán'),
('8a4e8f81-4cc0-4baf-9976-0d6d456bf19f','role.lanscape_staff','Nhân viên cảnh quan'),
('57afd388-bab2-4c47-b2fe-f3125065aeaf','role.head_administrator','Trưởng BQT'),
('c163a791-b48d-4142-8abf-2ec3e13ae30e','role.deputy_administrator','Phó BQT'),
('f63c0586-6eac-4359-b974-8931cc45f2fd','role.administrator','Thành viên BQT'),
('4ff0c58a-1330-4b45-8f13-521fd77d3747','role.apartment','Căn hộ');

-- Dữ liệu tài khoản
insert into account(type,id, username,password,role_id)
values
('internal','b43f93f5-a524-46a7-b076-e5dbf7231520','truongbql','$2b$10$WyBC5F5qo93jbxoa.e2mXu6KJMkBZeIxCMKzR7O75EexRQZPYL0Ua','61855fa5-512a-472b-bdb9-f46d89e6730d'),
('internal','f054fd45-67e6-452e-96c0-163bdc41484b','phobql','$2b$10$WyBC5F5qo93jbxoa.e2mXu6KJMkBZeIxCMKzR7O75EexRQZPYL0Ua','61855fa5-512a-472b-bdb9-f46d89e6730d'),
('internal','5c7066df-99b4-47d1-bf1e-fa502896683c','ttkythuat','$2b$10$WyBC5F5qo93jbxoa.e2mXu6KJMkBZeIxCMKzR7O75EexRQZPYL0Ua','00554178-1d6c-4993-8a00-1e973da03ad1'),
('internal','47a7429d-32b4-4a56-a139-1793a2172242','kythuat1','$2b$10$WyBC5F5qo93jbxoa.e2mXu6KJMkBZeIxCMKzR7O75EexRQZPYL0Ua','2383011a-6fa1-4d8b-b8e9-3f8c1ecb491b'),
('internal','e5ea3ee4-d14f-4fbc-908e-730407c46366','kythuat2','$2b$10$WyBC5F5qo93jbxoa.e2mXu6KJMkBZeIxCMKzR7O75EexRQZPYL0Ua','2383011a-6fa1-4d8b-b8e9-3f8c1ecb491b'),
('internal','1d084949-9672-43ad-b2de-337b1b2fe87b','kythuat3','$2b$10$WyBC5F5qo93jbxoa.e2mXu6KJMkBZeIxCMKzR7O75EexRQZPYL0Ua','2383011a-6fa1-4d8b-b8e9-3f8c1ecb491b'),
('internal','ff57944f-ed55-46f7-a7ca-7ecb157c8367','kythuat4','$2b$10$WyBC5F5qo93jbxoa.e2mXu6KJMkBZeIxCMKzR7O75EexRQZPYL0Ua','2383011a-6fa1-4d8b-b8e9-3f8c1ecb491b'),
('internal','b57949de-bdc3-44a1-9e79-d94f6278f83b','ttvesinh','$2b$10$WyBC5F5qo93jbxoa.e2mXu6KJMkBZeIxCMKzR7O75EexRQZPYL0Ua','9cafe707-3dbb-4715-a097-258c99c4120b'),
('internal','f7390470-323d-43a7-8d68-5d8a14898c83','vesinh1','$2b$10$WyBC5F5qo93jbxoa.e2mXu6KJMkBZeIxCMKzR7O75EexRQZPYL0Ua','2d9cbc81-6a04-472c-b9d8-a4cfa6b57a2e'),
('internal','2ddce62d-9b50-40b1-b259-68699b9f6a2e','vesinh2','$2b$10$WyBC5F5qo93jbxoa.e2mXu6KJMkBZeIxCMKzR7O75EexRQZPYL0Ua','2d9cbc81-6a04-472c-b9d8-a4cfa6b57a2e'),
('internal','fae8c1ea-afea-4fa0-8b82-39b215545eb6','vesinh3','$2b$10$WyBC5F5qo93jbxoa.e2mXu6KJMkBZeIxCMKzR7O75EexRQZPYL0Ua','2d9cbc81-6a04-472c-b9d8-a4cfa6b57a2e'),
('internal','67ff1ad2-0fd2-4a88-8515-4de6c3caa48c','vesinh4','$2b$10$WyBC5F5qo93jbxoa.e2mXu6KJMkBZeIxCMKzR7O75EexRQZPYL0Ua','2d9cbc81-6a04-472c-b9d8-a4cfa6b57a2e'),
('internal','abf08583-e4e9-44eb-9164-90bbcae13e92','vesinh5','$2b$10$WyBC5F5qo93jbxoa.e2mXu6KJMkBZeIxCMKzR7O75EexRQZPYL0Ua','2d9cbc81-6a04-472c-b9d8-a4cfa6b57a2e'),
('internal','f86dabdc-e065-4585-958f-1ae2912b2061','vesinh6','$2b$10$WyBC5F5qo93jbxoa.e2mXu6KJMkBZeIxCMKzR7O75EexRQZPYL0Ua','2d9cbc81-6a04-472c-b9d8-a4cfa6b57a2e'),
('internal','21e255d2-965f-40b0-ab17-10d8e8178666','ttanninh','$2b$10$WyBC5F5qo93jbxoa.e2mXu6KJMkBZeIxCMKzR7O75EexRQZPYL0Ua','00915355-e124-437e-b23e-308fd8365d73'),
('internal','1f1ec87e-e95e-4330-b09b-4cf45d13a405','anninh1','$2b$10$WyBC5F5qo93jbxoa.e2mXu6KJMkBZeIxCMKzR7O75EexRQZPYL0Ua','6dc58c93-860f-45a4-b723-1061ec40b36d'),
('internal','622a568b-b201-4966-a1eb-8b344570575f','anninh2','$2b$10$WyBC5F5qo93jbxoa.e2mXu6KJMkBZeIxCMKzR7O75EexRQZPYL0Ua','6dc58c93-860f-45a4-b723-1061ec40b36d'),
('internal','cf31ed75-bbb7-4864-b849-c93f2039b26c','anninh3','$2b$10$WyBC5F5qo93jbxoa.e2mXu6KJMkBZeIxCMKzR7O75EexRQZPYL0Ua','6dc58c93-860f-45a4-b723-1061ec40b36d'),
('internal','a0e45415-1dd5-4490-95d0-d99f335b8a2e','anninh4','$2b$10$WyBC5F5qo93jbxoa.e2mXu6KJMkBZeIxCMKzR7O75EexRQZPYL0Ua','6dc58c93-860f-45a4-b723-1061ec40b36d'),
('internal','758971fd-bdf2-48db-a358-f94089cacdc6','anninh5','$2b$10$WyBC5F5qo93jbxoa.e2mXu6KJMkBZeIxCMKzR7O75EexRQZPYL0Ua','6dc58c93-860f-45a4-b723-1061ec40b36d'),
('internal','039c2025-efac-41b2-b5b7-e15e93c82dd2','anninh6','$2b$10$WyBC5F5qo93jbxoa.e2mXu6KJMkBZeIxCMKzR7O75EexRQZPYL0Ua','6dc58c93-860f-45a4-b723-1061ec40b36d'),
('internal','83ff33fd-229b-4e17-be14-6a61e429bfbc','letan','$2b$10$WyBC5F5qo93jbxoa.e2mXu6KJMkBZeIxCMKzR7O75EexRQZPYL0Ua','9cf9c927-1128-4506-b21e-716c6a02469c'),
('internal','90b106d6-3033-45e7-8c57-f5bb7afd8374','ketoan','$2b$10$WyBC5F5qo93jbxoa.e2mXu6KJMkBZeIxCMKzR7O75EexRQZPYL0Ua','8ae728e4-a201-48f8-8bb7-64aa7ff97729'),
('internal','17a6fe3d-c384-49ea-b7bb-9e7385945ddf','canhquan','$2b$10$WyBC5F5qo93jbxoa.e2mXu6KJMkBZeIxCMKzR7O75EexRQZPYL0Ua','8a4e8f81-4cc0-4baf-9976-0d6d456bf19f'),
('internal','4e67e80f-7b92-4f9c-8aa2-778ba16dae14','truongbqt','$2b$10$WyBC5F5qo93jbxoa.e2mXu6KJMkBZeIxCMKzR7O75EexRQZPYL0Ua','57afd388-bab2-4c47-b2fe-f3125065aeaf'),
('internal','c1502038-493c-4423-985a-8533a1a70652','phobqt','$2b$10$WyBC5F5qo93jbxoa.e2mXu6KJMkBZeIxCMKzR7O75EexRQZPYL0Ua','c163a791-b48d-4142-8abf-2ec3e13ae30e'),
('internal','c5e1c354-0500-41f7-8f30-21283c081fee','tvbqt1','$2b$10$WyBC5F5qo93jbxoa.e2mXu6KJMkBZeIxCMKzR7O75EexRQZPYL0Ua','f63c0586-6eac-4359-b974-8931cc45f2fd'),
('internal','ef91a2cc-8983-49c8-b650-dfef6b6d8bad','tvbqt2','$2b$10$WyBC5F5qo93jbxoa.e2mXu6KJMkBZeIxCMKzR7O75EexRQZPYL0Ua','f63c0586-6eac-4359-b974-8931cc45f2fd'),
('internal','271604b9-bb44-4d73-bfe1-9d8a881af418','tvbqt3','$2b$10$WyBC5F5qo93jbxoa.e2mXu6KJMkBZeIxCMKzR7O75EexRQZPYL0Ua','f63c0586-6eac-4359-b974-8931cc45f2fd'),
('external','a39b18b9-f51d-4784-a3b6-9be09813222b','TKA101','$2b$10$WyBC5F5qo93jbxoa.e2mXu6KJMkBZeIxCMKzR7O75EexRQZPYL0Ua','4ff0c58a-1330-4b45-8f13-521fd77d3747'),
('external','2c5512a6-c303-4222-a25e-bafd3e730c1a','TKA102','$2b$10$WyBC5F5qo93jbxoa.e2mXu6KJMkBZeIxCMKzR7O75EexRQZPYL0Ua','4ff0c58a-1330-4b45-8f13-521fd77d3747'),
('external','9b758a82-d124-4916-8c26-cbffba5552d0','TKA103','$2b$10$WyBC5F5qo93jbxoa.e2mXu6KJMkBZeIxCMKzR7O75EexRQZPYL0Ua','4ff0c58a-1330-4b45-8f13-521fd77d3747'),
('external','f270daf2-68b0-4582-9538-4b1da2373085','TKA104','$2b$10$WyBC5F5qo93jbxoa.e2mXu6KJMkBZeIxCMKzR7O75EexRQZPYL0Ua','4ff0c58a-1330-4b45-8f13-521fd77d3747'),
('external','3416924e-3a54-47d7-8161-381889ba7d5b','TKA105','$2b$10$WyBC5F5qo93jbxoa.e2mXu6KJMkBZeIxCMKzR7O75EexRQZPYL0Ua','4ff0c58a-1330-4b45-8f13-521fd77d3747'),
('external','85e99221-301d-4d26-a200-df13f3173a34','TKA106','$2b$10$WyBC5F5qo93jbxoa.e2mXu6KJMkBZeIxCMKzR7O75EexRQZPYL0Ua','4ff0c58a-1330-4b45-8f13-521fd77d3747'),
('external','8defc8e5-6fe2-4338-81e3-be5cf2443cd5','TKA201','$2b$10$WyBC5F5qo93jbxoa.e2mXu6KJMkBZeIxCMKzR7O75EexRQZPYL0Ua','4ff0c58a-1330-4b45-8f13-521fd77d3747'),
('external','d348bed2-cdd5-4650-8d1f-461dd7d9e5d2','TKA202','$2b$10$WyBC5F5qo93jbxoa.e2mXu6KJMkBZeIxCMKzR7O75EexRQZPYL0Ua','4ff0c58a-1330-4b45-8f13-521fd77d3747'),
('external','d000519b-9408-43f7-ad72-962f752b7632','TKA203','$2b$10$WyBC5F5qo93jbxoa.e2mXu6KJMkBZeIxCMKzR7O75EexRQZPYL0Ua','4ff0c58a-1330-4b45-8f13-521fd77d3747'),
('external','b1a9a27b-e921-4d1b-8335-890b084b7a6c','TKA204','$2b$10$WyBC5F5qo93jbxoa.e2mXu6KJMkBZeIxCMKzR7O75EexRQZPYL0Ua','4ff0c58a-1330-4b45-8f13-521fd77d3747'),
('external','93bda774-035f-40db-ac4f-da19b04aa9d6','TKA205','$2b$10$WyBC5F5qo93jbxoa.e2mXu6KJMkBZeIxCMKzR7O75EexRQZPYL0Ua','4ff0c58a-1330-4b45-8f13-521fd77d3747'),
('external','81ddaee1-1426-4930-971d-6d297d33d0a6','TKA206','$2b$10$WyBC5F5qo93jbxoa.e2mXu6KJMkBZeIxCMKzR7O75EexRQZPYL0Ua','4ff0c58a-1330-4b45-8f13-521fd77d3747'),
('external','85e36a72-6e0b-4b96-914d-9a6818f77c95','TKA301','$2b$10$WyBC5F5qo93jbxoa.e2mXu6KJMkBZeIxCMKzR7O75EexRQZPYL0Ua','4ff0c58a-1330-4b45-8f13-521fd77d3747'),
('external','d7234d4c-ca69-47a5-98de-778c4c9ca983','TKA302','$2b$10$WyBC5F5qo93jbxoa.e2mXu6KJMkBZeIxCMKzR7O75EexRQZPYL0Ua','4ff0c58a-1330-4b45-8f13-521fd77d3747'),
('external','bb657a11-0f0d-4f2a-b769-142d3980880d','TKA303','$2b$10$WyBC5F5qo93jbxoa.e2mXu6KJMkBZeIxCMKzR7O75EexRQZPYL0Ua','4ff0c58a-1330-4b45-8f13-521fd77d3747'),
('external','f962d2f8-c757-4366-99be-4708421abc50','TKA304','$2b$10$WyBC5F5qo93jbxoa.e2mXu6KJMkBZeIxCMKzR7O75EexRQZPYL0Ua','4ff0c58a-1330-4b45-8f13-521fd77d3747'),
('external','1f56ddec-0674-41d1-87cf-5015a860df64','TKA305','$2b$10$WyBC5F5qo93jbxoa.e2mXu6KJMkBZeIxCMKzR7O75EexRQZPYL0Ua','4ff0c58a-1330-4b45-8f13-521fd77d3747'),
('external','fde6f9af-687c-42a2-a2b7-46eb38613625','TKA306','$2b$10$WyBC5F5qo93jbxoa.e2mXu6KJMkBZeIxCMKzR7O75EexRQZPYL0Ua','4ff0c58a-1330-4b45-8f13-521fd77d3747'),
('external','ddaa07ac-eb41-451e-a54c-670f4429dd1a','TKA401','$2b$10$WyBC5F5qo93jbxoa.e2mXu6KJMkBZeIxCMKzR7O75EexRQZPYL0Ua','4ff0c58a-1330-4b45-8f13-521fd77d3747'),
('external','a6dde586-f697-44b4-b147-acf7ca2a21ed','TKA402','$2b$10$WyBC5F5qo93jbxoa.e2mXu6KJMkBZeIxCMKzR7O75EexRQZPYL0Ua','4ff0c58a-1330-4b45-8f13-521fd77d3747'),
('external','8c5c1607-eebb-4962-b358-803dc77529a3','TKA403','$2b$10$WyBC5F5qo93jbxoa.e2mXu6KJMkBZeIxCMKzR7O75EexRQZPYL0Ua','4ff0c58a-1330-4b45-8f13-521fd77d3747'),
('external','c880cfb0-ee3b-44f9-8db2-9c1aec320f86','TKA404','$2b$10$WyBC5F5qo93jbxoa.e2mXu6KJMkBZeIxCMKzR7O75EexRQZPYL0Ua','4ff0c58a-1330-4b45-8f13-521fd77d3747'),
('external','523566d1-3a80-448e-8c6c-9aa8d1149ee3','TKA405','$2b$10$WyBC5F5qo93jbxoa.e2mXu6KJMkBZeIxCMKzR7O75EexRQZPYL0Ua','4ff0c58a-1330-4b45-8f13-521fd77d3747'),
('external','4e0295d1-e1ff-49e6-83fd-c7bbb6341e7a','TKA406','$2b$10$WyBC5F5qo93jbxoa.e2mXu6KJMkBZeIxCMKzR7O75EexRQZPYL0Ua','4ff0c58a-1330-4b45-8f13-521fd77d3747'),
('external','9cef2353-11e8-463c-afcf-b1db7044c04b','TKA501','$2b$10$WyBC5F5qo93jbxoa.e2mXu6KJMkBZeIxCMKzR7O75EexRQZPYL0Ua','4ff0c58a-1330-4b45-8f13-521fd77d3747'),
('external','6fc6cc22-d762-4003-9996-e9fdba7f7016','TKA502','$2b$10$WyBC5F5qo93jbxoa.e2mXu6KJMkBZeIxCMKzR7O75EexRQZPYL0Ua','4ff0c58a-1330-4b45-8f13-521fd77d3747'),
('external','dc4c9f94-9da4-4501-8098-e8c357a41f62','TKA503','$2b$10$WyBC5F5qo93jbxoa.e2mXu6KJMkBZeIxCMKzR7O75EexRQZPYL0Ua','4ff0c58a-1330-4b45-8f13-521fd77d3747'),
('external','9903acec-48ca-4aeb-a9d7-4635b9316e6a','TKA504','$2b$10$WyBC5F5qo93jbxoa.e2mXu6KJMkBZeIxCMKzR7O75EexRQZPYL0Ua','4ff0c58a-1330-4b45-8f13-521fd77d3747'),
('external','37d6fe73-eb19-49e0-b13b-020eb861e428','TKA505','$2b$10$WyBC5F5qo93jbxoa.e2mXu6KJMkBZeIxCMKzR7O75EexRQZPYL0Ua','4ff0c58a-1330-4b45-8f13-521fd77d3747'),
('external','ea92c715-9aeb-4a34-9832-f8122bd5d095','TKA506','$2b$10$WyBC5F5qo93jbxoa.e2mXu6KJMkBZeIxCMKzR7O75EexRQZPYL0Ua','4ff0c58a-1330-4b45-8f13-521fd77d3747'),
('external','0234d2f6-66a2-4538-8c7f-f423dd697e9d','TKA601','$2b$10$WyBC5F5qo93jbxoa.e2mXu6KJMkBZeIxCMKzR7O75EexRQZPYL0Ua','4ff0c58a-1330-4b45-8f13-521fd77d3747'),
('external','f6470a5d-be8b-45d5-9bad-6d6264d8398c','TKA602','$2b$10$WyBC5F5qo93jbxoa.e2mXu6KJMkBZeIxCMKzR7O75EexRQZPYL0Ua','4ff0c58a-1330-4b45-8f13-521fd77d3747'),
('external','38332552-550a-44f2-ae3d-be23e6852437','TKA603','$2b$10$WyBC5F5qo93jbxoa.e2mXu6KJMkBZeIxCMKzR7O75EexRQZPYL0Ua','4ff0c58a-1330-4b45-8f13-521fd77d3747'),
('external','66c86ea7-02de-48b2-98da-6f26e4e88918','TKA604','$2b$10$WyBC5F5qo93jbxoa.e2mXu6KJMkBZeIxCMKzR7O75EexRQZPYL0Ua','4ff0c58a-1330-4b45-8f13-521fd77d3747'),
('external','f4c0655a-4025-437d-a900-00279aa47dbc','TKA605','$2b$10$WyBC5F5qo93jbxoa.e2mXu6KJMkBZeIxCMKzR7O75EexRQZPYL0Ua','4ff0c58a-1330-4b45-8f13-521fd77d3747'),
('external','58fdcee3-8a3d-43f7-a3a4-0613342ffc50','TKA606','$2b$10$WyBC5F5qo93jbxoa.e2mXu6KJMkBZeIxCMKzR7O75EexRQZPYL0Ua','4ff0c58a-1330-4b45-8f13-521fd77d3747'),
('external','ac9d4e65-6c88-4212-809b-ebc60acc50c8','TKA701','$2b$10$WyBC5F5qo93jbxoa.e2mXu6KJMkBZeIxCMKzR7O75EexRQZPYL0Ua','4ff0c58a-1330-4b45-8f13-521fd77d3747'),
('external','cc8df301-1014-4b82-8852-b0e3fcad7fa0','TKA702','$2b$10$WyBC5F5qo93jbxoa.e2mXu6KJMkBZeIxCMKzR7O75EexRQZPYL0Ua','4ff0c58a-1330-4b45-8f13-521fd77d3747'),
('external','69e9f37a-1f7b-4516-b26a-f026c44bbe1f','TKA703','$2b$10$WyBC5F5qo93jbxoa.e2mXu6KJMkBZeIxCMKzR7O75EexRQZPYL0Ua','4ff0c58a-1330-4b45-8f13-521fd77d3747'),
('external','e3c1edf6-53c0-4a39-9c7a-37a5111289bb','TKA704','$2b$10$WyBC5F5qo93jbxoa.e2mXu6KJMkBZeIxCMKzR7O75EexRQZPYL0Ua','4ff0c58a-1330-4b45-8f13-521fd77d3747'),
('external','409e135a-f5c3-44d7-8e05-49b8290ffb0e','TKA705','$2b$10$WyBC5F5qo93jbxoa.e2mXu6KJMkBZeIxCMKzR7O75EexRQZPYL0Ua','4ff0c58a-1330-4b45-8f13-521fd77d3747'),
('external','8987550c-271f-4fec-9d54-df691685073e','TKA706','$2b$10$WyBC5F5qo93jbxoa.e2mXu6KJMkBZeIxCMKzR7O75EexRQZPYL0Ua','4ff0c58a-1330-4b45-8f13-521fd77d3747'),
('external','e6313549-dc67-43db-b225-3b723ab5c8d9','TKA801','$2b$10$WyBC5F5qo93jbxoa.e2mXu6KJMkBZeIxCMKzR7O75EexRQZPYL0Ua','4ff0c58a-1330-4b45-8f13-521fd77d3747'),
('external','bd0ad12f-c706-44e2-b0fe-f9f2e1f7ce66','TKA802','$2b$10$WyBC5F5qo93jbxoa.e2mXu6KJMkBZeIxCMKzR7O75EexRQZPYL0Ua','4ff0c58a-1330-4b45-8f13-521fd77d3747'),
('external','62a00c59-7c51-486c-ae6a-6dc855cceabf','TKA803','$2b$10$WyBC5F5qo93jbxoa.e2mXu6KJMkBZeIxCMKzR7O75EexRQZPYL0Ua','4ff0c58a-1330-4b45-8f13-521fd77d3747'),
('external','0b9f19c5-7e08-4b6b-bf1d-e2d58ba676df','TKA804','$2b$10$WyBC5F5qo93jbxoa.e2mXu6KJMkBZeIxCMKzR7O75EexRQZPYL0Ua','4ff0c58a-1330-4b45-8f13-521fd77d3747'),
('external','49bbf899-6ac4-4f11-b358-af37b06b5347','TKA805','$2b$10$WyBC5F5qo93jbxoa.e2mXu6KJMkBZeIxCMKzR7O75EexRQZPYL0Ua','4ff0c58a-1330-4b45-8f13-521fd77d3747'),
('external','9302aff7-bf60-4611-83f6-281421d3046f','TKA806','$2b$10$WyBC5F5qo93jbxoa.e2mXu6KJMkBZeIxCMKzR7O75EexRQZPYL0Ua','4ff0c58a-1330-4b45-8f13-521fd77d3747'),
('external','02852c00-1176-40ff-9bed-90c3d9c1bed3','TKB101','$2b$10$WyBC5F5qo93jbxoa.e2mXu6KJMkBZeIxCMKzR7O75EexRQZPYL0Ua','4ff0c58a-1330-4b45-8f13-521fd77d3747'),
('external','d7a21218-5584-4f8c-929d-5ef630cde24c','TKB102','$2b$10$WyBC5F5qo93jbxoa.e2mXu6KJMkBZeIxCMKzR7O75EexRQZPYL0Ua','4ff0c58a-1330-4b45-8f13-521fd77d3747'),
('external','dc7f5cf3-3732-43a9-b53d-b9c857affb63','TKB103','$2b$10$WyBC5F5qo93jbxoa.e2mXu6KJMkBZeIxCMKzR7O75EexRQZPYL0Ua','4ff0c58a-1330-4b45-8f13-521fd77d3747'),
('external','83463ef9-5564-4c83-972d-2e8e973d60b8','TKB104','$2b$10$WyBC5F5qo93jbxoa.e2mXu6KJMkBZeIxCMKzR7O75EexRQZPYL0Ua','4ff0c58a-1330-4b45-8f13-521fd77d3747'),
('external','4f275270-8f3c-449e-8d9f-66f2907dc348','TKB105','$2b$10$WyBC5F5qo93jbxoa.e2mXu6KJMkBZeIxCMKzR7O75EexRQZPYL0Ua','4ff0c58a-1330-4b45-8f13-521fd77d3747'),
('external','b807c5df-92c7-4b29-90b0-9dd57ca66dc0','TKB106','$2b$10$WyBC5F5qo93jbxoa.e2mXu6KJMkBZeIxCMKzR7O75EexRQZPYL0Ua','4ff0c58a-1330-4b45-8f13-521fd77d3747'),
('external','548561f1-eab8-4f4f-abf6-d17b9596a189','TKB201','$2b$10$WyBC5F5qo93jbxoa.e2mXu6KJMkBZeIxCMKzR7O75EexRQZPYL0Ua','4ff0c58a-1330-4b45-8f13-521fd77d3747'),
('external','9b6590b7-afd6-453d-b335-70bdc5f0e482','TKB202','$2b$10$WyBC5F5qo93jbxoa.e2mXu6KJMkBZeIxCMKzR7O75EexRQZPYL0Ua','4ff0c58a-1330-4b45-8f13-521fd77d3747'),
('external','4ef577f6-f0b2-4793-8c10-ae4e1f560df0','TKB203','$2b$10$WyBC5F5qo93jbxoa.e2mXu6KJMkBZeIxCMKzR7O75EexRQZPYL0Ua','4ff0c58a-1330-4b45-8f13-521fd77d3747'),
('external','054d7ee0-98bf-4794-970a-5c74859460cf','TKB204','$2b$10$WyBC5F5qo93jbxoa.e2mXu6KJMkBZeIxCMKzR7O75EexRQZPYL0Ua','4ff0c58a-1330-4b45-8f13-521fd77d3747'),
('external','317dd9c3-e3b1-406c-af45-6ae0e888b3bd','TKB205','$2b$10$WyBC5F5qo93jbxoa.e2mXu6KJMkBZeIxCMKzR7O75EexRQZPYL0Ua','4ff0c58a-1330-4b45-8f13-521fd77d3747'),
('external','80ae8340-4661-4652-91e7-d5f0c3c313da','TKB206','$2b$10$WyBC5F5qo93jbxoa.e2mXu6KJMkBZeIxCMKzR7O75EexRQZPYL0Ua','4ff0c58a-1330-4b45-8f13-521fd77d3747'),
('external','3d2df0f6-1cfb-4972-bd2b-cc5c84b40a18','TKB301','$2b$10$WyBC5F5qo93jbxoa.e2mXu6KJMkBZeIxCMKzR7O75EexRQZPYL0Ua','4ff0c58a-1330-4b45-8f13-521fd77d3747'),
('external','8b33116c-b0c6-4bb9-bfc6-e35762f58785','TKB302','$2b$10$WyBC5F5qo93jbxoa.e2mXu6KJMkBZeIxCMKzR7O75EexRQZPYL0Ua','4ff0c58a-1330-4b45-8f13-521fd77d3747'),
('external','7ee7a954-b257-467b-a27f-ff0e2c901ddc','TKB303','$2b$10$WyBC5F5qo93jbxoa.e2mXu6KJMkBZeIxCMKzR7O75EexRQZPYL0Ua','4ff0c58a-1330-4b45-8f13-521fd77d3747'),
('external','2bb21dcb-c95e-4cfa-999e-f7174252b094','TKB304','$2b$10$WyBC5F5qo93jbxoa.e2mXu6KJMkBZeIxCMKzR7O75EexRQZPYL0Ua','4ff0c58a-1330-4b45-8f13-521fd77d3747'),
('external','207613ca-b426-4ab2-817a-3277ffb5970e','TKB305','$2b$10$WyBC5F5qo93jbxoa.e2mXu6KJMkBZeIxCMKzR7O75EexRQZPYL0Ua','4ff0c58a-1330-4b45-8f13-521fd77d3747'),
('external','aecdb60a-7c09-4303-b8cd-a0b0026bd262','TKB306','$2b$10$WyBC5F5qo93jbxoa.e2mXu6KJMkBZeIxCMKzR7O75EexRQZPYL0Ua','4ff0c58a-1330-4b45-8f13-521fd77d3747'),
('external','187b8b21-bbcf-47f7-a130-636e35219c61','TKB401','$2b$10$WyBC5F5qo93jbxoa.e2mXu6KJMkBZeIxCMKzR7O75EexRQZPYL0Ua','4ff0c58a-1330-4b45-8f13-521fd77d3747'),
('external','fdea7ab9-af29-46d9-87ca-699338790f3d','TKB402','$2b$10$WyBC5F5qo93jbxoa.e2mXu6KJMkBZeIxCMKzR7O75EexRQZPYL0Ua','4ff0c58a-1330-4b45-8f13-521fd77d3747'),
('external','b25aec62-839b-4fd8-a11c-83113f756340','TKB403','$2b$10$WyBC5F5qo93jbxoa.e2mXu6KJMkBZeIxCMKzR7O75EexRQZPYL0Ua','4ff0c58a-1330-4b45-8f13-521fd77d3747'),
('external','da6d70c2-4954-41fc-89c8-af5d42740a9c','TKB404','$2b$10$WyBC5F5qo93jbxoa.e2mXu6KJMkBZeIxCMKzR7O75EexRQZPYL0Ua','4ff0c58a-1330-4b45-8f13-521fd77d3747'),
('external','c08712e2-e042-472c-bedc-ded302f14e01','TKB405','$2b$10$WyBC5F5qo93jbxoa.e2mXu6KJMkBZeIxCMKzR7O75EexRQZPYL0Ua','4ff0c58a-1330-4b45-8f13-521fd77d3747'),
('external','71507cc0-66b8-4a37-ae0e-32fe0a2fdd0e','TKB406','$2b$10$WyBC5F5qo93jbxoa.e2mXu6KJMkBZeIxCMKzR7O75EexRQZPYL0Ua','4ff0c58a-1330-4b45-8f13-521fd77d3747'),
('external','232788be-04d4-4ff7-8f71-d0d241e84203','TKB501','$2b$10$WyBC5F5qo93jbxoa.e2mXu6KJMkBZeIxCMKzR7O75EexRQZPYL0Ua','4ff0c58a-1330-4b45-8f13-521fd77d3747'),
('external','1e5f223f-a67d-4a1e-90c2-d8ae8af23373','TKB502','$2b$10$WyBC5F5qo93jbxoa.e2mXu6KJMkBZeIxCMKzR7O75EexRQZPYL0Ua','4ff0c58a-1330-4b45-8f13-521fd77d3747'),
('external','d35b5a1b-2815-4c10-b94b-db3a6149bd51','TKB503','$2b$10$WyBC5F5qo93jbxoa.e2mXu6KJMkBZeIxCMKzR7O75EexRQZPYL0Ua','4ff0c58a-1330-4b45-8f13-521fd77d3747'),
('external','90ea0514-af48-4d3d-a757-608455614381','TKB504','$2b$10$WyBC5F5qo93jbxoa.e2mXu6KJMkBZeIxCMKzR7O75EexRQZPYL0Ua','4ff0c58a-1330-4b45-8f13-521fd77d3747'),
('external','e73e8742-6962-4269-8590-1e88f0205133','TKB505','$2b$10$WyBC5F5qo93jbxoa.e2mXu6KJMkBZeIxCMKzR7O75EexRQZPYL0Ua','4ff0c58a-1330-4b45-8f13-521fd77d3747'),
('external','9a19ffdd-43c0-41f7-9698-1e9b5fd9f33d','TKB506','$2b$10$WyBC5F5qo93jbxoa.e2mXu6KJMkBZeIxCMKzR7O75EexRQZPYL0Ua','4ff0c58a-1330-4b45-8f13-521fd77d3747'),
('external','63f566ed-8957-48f3-9420-7dec0107ba8d','TKB601','$2b$10$WyBC5F5qo93jbxoa.e2mXu6KJMkBZeIxCMKzR7O75EexRQZPYL0Ua','4ff0c58a-1330-4b45-8f13-521fd77d3747'),
('external','845d306d-aa9a-43ea-8165-536d5427e522','TKB602','$2b$10$WyBC5F5qo93jbxoa.e2mXu6KJMkBZeIxCMKzR7O75EexRQZPYL0Ua','4ff0c58a-1330-4b45-8f13-521fd77d3747'),
('external','b67202ba-dadd-4643-9700-fefdfdc3be19','TKB603','$2b$10$WyBC5F5qo93jbxoa.e2mXu6KJMkBZeIxCMKzR7O75EexRQZPYL0Ua','4ff0c58a-1330-4b45-8f13-521fd77d3747'),
('external','433b73af-3d56-4bb4-81e2-2fa187f3e62c','TKB604','$2b$10$WyBC5F5qo93jbxoa.e2mXu6KJMkBZeIxCMKzR7O75EexRQZPYL0Ua','4ff0c58a-1330-4b45-8f13-521fd77d3747'),
('external','74f53c21-a101-4f46-9d1c-910f5448e51e','TKB605','$2b$10$WyBC5F5qo93jbxoa.e2mXu6KJMkBZeIxCMKzR7O75EexRQZPYL0Ua','4ff0c58a-1330-4b45-8f13-521fd77d3747'),
('external','921f8b16-4bfa-4980-8b4e-9c1ddf32fcab','TKB606','$2b$10$WyBC5F5qo93jbxoa.e2mXu6KJMkBZeIxCMKzR7O75EexRQZPYL0Ua','4ff0c58a-1330-4b45-8f13-521fd77d3747'),
('external','84282b89-5c33-4009-9b62-1ce522b32902','TKB701','$2b$10$WyBC5F5qo93jbxoa.e2mXu6KJMkBZeIxCMKzR7O75EexRQZPYL0Ua','4ff0c58a-1330-4b45-8f13-521fd77d3747'),
('external','c3c9a1d3-0244-445b-b1ea-e23f1a7d44c1','TKB702','$2b$10$WyBC5F5qo93jbxoa.e2mXu6KJMkBZeIxCMKzR7O75EexRQZPYL0Ua','4ff0c58a-1330-4b45-8f13-521fd77d3747'),
('external','544e3c4d-f970-4873-a58b-3d775035dc2d','TKB703','$2b$10$WyBC5F5qo93jbxoa.e2mXu6KJMkBZeIxCMKzR7O75EexRQZPYL0Ua','4ff0c58a-1330-4b45-8f13-521fd77d3747'),
('external','ccb60a39-e9fa-4379-bb9c-6aa730340f68','TKB704','$2b$10$WyBC5F5qo93jbxoa.e2mXu6KJMkBZeIxCMKzR7O75EexRQZPYL0Ua','4ff0c58a-1330-4b45-8f13-521fd77d3747'),
('external','eb1a98b7-7f6a-47e5-9a68-1c4161829a70','TKB705','$2b$10$WyBC5F5qo93jbxoa.e2mXu6KJMkBZeIxCMKzR7O75EexRQZPYL0Ua','4ff0c58a-1330-4b45-8f13-521fd77d3747'),
('external','1beb7d01-ea06-4422-8a58-ae25744ea6f2','TKB706','$2b$10$WyBC5F5qo93jbxoa.e2mXu6KJMkBZeIxCMKzR7O75EexRQZPYL0Ua','4ff0c58a-1330-4b45-8f13-521fd77d3747'),
('external','8bcdafbe-65ff-4ab3-a308-803195756970','TKB801','$2b$10$WyBC5F5qo93jbxoa.e2mXu6KJMkBZeIxCMKzR7O75EexRQZPYL0Ua','4ff0c58a-1330-4b45-8f13-521fd77d3747'),
('external','a6e62552-593e-4bcc-a1ee-107bbe596ea7','TKB802','$2b$10$WyBC5F5qo93jbxoa.e2mXu6KJMkBZeIxCMKzR7O75EexRQZPYL0Ua','4ff0c58a-1330-4b45-8f13-521fd77d3747'),
('external','51a781fc-7a31-41a2-9b83-61cd1b4e0801','TKB803','$2b$10$WyBC5F5qo93jbxoa.e2mXu6KJMkBZeIxCMKzR7O75EexRQZPYL0Ua','4ff0c58a-1330-4b45-8f13-521fd77d3747'),
('external','004daf71-c7d8-4dc8-bd20-e6acb1989aae','TKB804','$2b$10$WyBC5F5qo93jbxoa.e2mXu6KJMkBZeIxCMKzR7O75EexRQZPYL0Ua','4ff0c58a-1330-4b45-8f13-521fd77d3747'),
('external','842aace6-9439-4708-9f9e-c6340e2a34d9','TKB805','$2b$10$WyBC5F5qo93jbxoa.e2mXu6KJMkBZeIxCMKzR7O75EexRQZPYL0Ua','4ff0c58a-1330-4b45-8f13-521fd77d3747'),
('external','c6727a72-01a4-40e3-b70d-5f824c0bebec','TKB806','$2b$10$WyBC5F5qo93jbxoa.e2mXu6KJMkBZeIxCMKzR7O75EexRQZPYL0Ua','4ff0c58a-1330-4b45-8f13-521fd77d3747'),
('external','a86a634e-7cec-438e-8310-4efb1b4ed29c','TKB901','$2b$10$WyBC5F5qo93jbxoa.e2mXu6KJMkBZeIxCMKzR7O75EexRQZPYL0Ua','4ff0c58a-1330-4b45-8f13-521fd77d3747'),
('external','dee4c068-ed48-4f08-9475-006b3e8bb0f8','TKB902','$2b$10$WyBC5F5qo93jbxoa.e2mXu6KJMkBZeIxCMKzR7O75EexRQZPYL0Ua','4ff0c58a-1330-4b45-8f13-521fd77d3747'),
('external','0feb5b82-89d0-44e2-839c-769dfeaebe73','TKB903','$2b$10$WyBC5F5qo93jbxoa.e2mXu6KJMkBZeIxCMKzR7O75EexRQZPYL0Ua','4ff0c58a-1330-4b45-8f13-521fd77d3747'),
('external','270c3272-7d3f-4629-9f27-084a5724e008','TKB904','$2b$10$WyBC5F5qo93jbxoa.e2mXu6KJMkBZeIxCMKzR7O75EexRQZPYL0Ua','4ff0c58a-1330-4b45-8f13-521fd77d3747'),
('external','3addecb3-f4e1-4d4c-bdbe-7dafbad33a95','TKB905','$2b$10$WyBC5F5qo93jbxoa.e2mXu6KJMkBZeIxCMKzR7O75EexRQZPYL0Ua','4ff0c58a-1330-4b45-8f13-521fd77d3747'),
('external','e25ecbd5-d259-48f5-9425-b32e5eb3a710','TKB906','$2b$10$WyBC5F5qo93jbxoa.e2mXu6KJMkBZeIxCMKzR7O75EexRQZPYL0Ua','4ff0c58a-1330-4b45-8f13-521fd77d3747'),
('external','e4ef4242-7335-40fb-82bf-dfc3c93c861c','TKB1001','$2b$10$WyBC5F5qo93jbxoa.e2mXu6KJMkBZeIxCMKzR7O75EexRQZPYL0Ua','4ff0c58a-1330-4b45-8f13-521fd77d3747'),
('external','3d5c1325-f729-4347-a153-0f9efab3d34a','TKB1002','$2b$10$WyBC5F5qo93jbxoa.e2mXu6KJMkBZeIxCMKzR7O75EexRQZPYL0Ua','4ff0c58a-1330-4b45-8f13-521fd77d3747'),
('external','3638e3af-a785-4814-88a4-048412e5c53d','TKB1003','$2b$10$WyBC5F5qo93jbxoa.e2mXu6KJMkBZeIxCMKzR7O75EexRQZPYL0Ua','4ff0c58a-1330-4b45-8f13-521fd77d3747'),
('external','59e56777-3cdc-49c5-984b-b6ecba2204cc','TKB1004','$2b$10$WyBC5F5qo93jbxoa.e2mXu6KJMkBZeIxCMKzR7O75EexRQZPYL0Ua','4ff0c58a-1330-4b45-8f13-521fd77d3747'),
('external','3c2f708a-1e90-4f14-877b-d522bd6505ac','TKB1005','$2b$10$WyBC5F5qo93jbxoa.e2mXu6KJMkBZeIxCMKzR7O75EexRQZPYL0Ua','4ff0c58a-1330-4b45-8f13-521fd77d3747'),
('external','b9a6a336-d000-4f14-bec9-fe70ae0870e2','TKB1006','$2b$10$WyBC5F5qo93jbxoa.e2mXu6KJMkBZeIxCMKzR7O75EexRQZPYL0Ua','4ff0c58a-1330-4b45-8f13-521fd77d3747');

--Dữ liệu căn hộ
insert into apartment(id,apartment_number,account_id,block_number,host,phone,email,floor_area,type,note)
values
('32b5fe6e-cbf3-41f5-a334-fc3e0a1badde','A101','a39b18b9-f51d-4784-a3b6-9be09813222b','BL_A','Bùi Thái Hoàng','0924901866','buithaihoang@gmail.com',57,'ShopHouse','Shop thời trang'),
('a3e4a586-2d48-40a6-94b7-28aa47121425','A102','2c5512a6-c303-4222-a25e-bafd3e730c1a','BL_A','Cái Ngọc Anh Tài','0924902879','caingocanhtai@gmail.com',52,'ShopHouse','Quán café'),
('58a70b6e-5ed8-4473-8ee9-fd12eb00cd4a','A103','9b758a82-d124-4916-8c26-cbffba5552d0','BL_A','Cao Thị Trà My','0924893179','caothitramy@gmail.com',58,'ShopHouse','Bách hóa'),
('79bd9d10-32a0-4bf0-8624-3a385f6faa99','A104','f270daf2-68b0-4582-9538-4b1da2373085','BL_A','Cao Thiện Huân','0924902679','caothienhuan@gmail.com',40,'Nhà ở thường',''),
('6485e53c-8fa9-454c-aaa1-66b5cfd66a93','A105','3416924e-3a54-47d7-8161-381889ba7d5b','BL_A','Chu Minh Tân','0924902268','chuminhtan@gmail.com',46,'Nhà ở thường',''),
('815caa48-dc8f-4cf7-8f2b-f63c34601a27','A106','85e99221-301d-4d26-a200-df13f3173a34','BL_A','Dương Hoàng Khang','0961296159','duonghoangkhang@gmail.com',53,'Nhà ở thường',''),
('9831a17c-33b3-419e-a799-99b9c595966c','A201','8defc8e5-6fe2-4338-81e3-be5cf2443cd5','BL_A','Dương Ngọc Như Quỳnh','0985446353','duongngocnhuquynh@gmail.com',46,'Nhà ở thường',''),
('80414038-c511-4662-ada9-e2f75504b47c','A202','d348bed2-cdd5-4650-8d1f-461dd7d9e5d2','BL_A','Dương Phi Long','0978776443','duongphilong@gmail.com',40,'Nhà ở thường',''),
('a8e240d7-4825-4729-8520-31cffcc69dd3','A203','d000519b-9408-43f7-ad72-962f752b7632','BL_A','Dương Phước Mậu','0963885774','duongphuocmau@gmail.com',48,'Nhà ở thường',''),
('4adcfcc3-3a9e-4c82-a69e-b9ee986c74b8','A204','b1a9a27b-e921-4d1b-8335-890b084b7a6c','BL_A','Đặng Nhật Phi','0981585774','dangnhatphi@gmail.com',53,'Nhà ở thường',''),
('789aeea4-4f20-4a7c-8fdb-af3bddee6405','A205','93bda774-035f-40db-ac4f-da19b04aa9d6','BL_A','Đặng Văn Công Hoàng','0968010443','dangvanconghoang@gmail.com',49,'Nhà ở thường',''),
('d61422e7-7a66-4f74-b04d-d603fb36c2d2','A206','81ddaee1-1426-4930-971d-6d297d33d0a6','BL_A','Đặng Vũ Luân','0979448100','dangvuluan@gmail.com',47,'Nhà ở thường',''),
('7cc41b96-2e38-42a5-8514-58ecc1f89de8','A301','85e36a72-6e0b-4b96-914d-9a6818f77c95','BL_A','Đinh Đạt Vi','0968002441','dinhdatvi@gmail.com',57,'Nhà ở thường',''),
('22f2d7ae-ecaf-4ad3-a1ee-20c1590b1a95','A302','d7234d4c-ca69-47a5-98de-778c4c9ca983','BL_A','Đinh Thị Yến Ngân','0965331200','dinhthiyenngan@gmail.com',48,'Nhà ở thường',''),
('cac3d48e-1053-4480-9e38-ecacf0aa216a','A303','bb657a11-0f0d-4f2a-b769-142d3980880d','BL_A','Đỗ Đức Duy','0961788221','doducduy@gmail.com',51,'Nhà ở thường',''),
('918fdcb3-8f7d-4d02-b577-20928248f7ad','A304','f962d2f8-c757-4366-99be-4708421abc50','BL_A','Đỗ Hoàng Anh Khoa','0967199303','dohoanganhkhoa@gmail.com',48,'Nhà ở thường',''),
('2b742dff-765e-464d-a8cc-7360b9f6290c','A305','1f56ddec-0674-41d1-87cf-5015a860df64','BL_A','Đỗ Hữu Lượng','0961898011','dohuuluong@gmail.com',52,'Nhà ở thường',''),
('c2e3b1dc-4042-48fb-82a6-3524d2cd4a37','A306','fde6f9af-687c-42a2-a2b7-46eb38613625','BL_A','Đỗ Minh Nhựt','0985232553','dominhnhut@gmail.com',53,'Nhà ở thường',''),
('f307e667-d072-4617-8e7d-486ec4f3adc2','A401','ddaa07ac-eb41-451e-a54c-670f4429dd1a','BL_A','Đồng Xuân Danh','0976500353','dongxuaRLanh@gmail.com',53,'Nhà ở thường',''),
('c079056e-a85c-45a7-b5b4-e0c9c99fea46','A402','a6dde586-f697-44b4-b147-acf7ca2a21ed','BL_A','Hồ Công Sơn','0963101553','hocongson@gmail.com',53,'Nhà ở thường',''),
('f63998b8-68b1-4a38-a823-6a7e5971d08b','A403','8c5c1607-eebb-4962-b358-803dc77529a3','BL_A','Hồ Quốc Tuấn','0971911553','hoquoctuan@gmail.com',50,'Nhà ở thường',''),
('1898c2ac-413e-4dd5-bf06-068d16e8cf7e','A404','c880cfb0-ee3b-44f9-8db2-9c1aec320f86','BL_A','Hồ Thị Ngọc Huyền','0961656221','hothingochuyen@gmail.com',58,'Nhà ở thường',''),
('b1e59072-6f62-4f3a-9f0a-9fea92fa2f20','A405','523566d1-3a80-448e-8c6c-9aa8d1149ee3','BL_A','Hồ Trần Nhật Thuỷ','0968552131','hotrannhatthuy@gmail.com',55,'Nhà ở thường',''),
('3293ce49-4c2d-420f-8228-495c221fd5aa','A406','4e0295d1-e1ff-49e6-83fd-c7bbb6341e7a','BL_A','Hoàng Thị Thanh','0967955121','hoangthithanh@gmail.com',60,'Nhà ở thường',''),
('6114e532-872c-4101-b9d4-5fb366746df3','A501','9cef2353-11e8-463c-afcf-b1db7044c04b','BL_A','Huỳnh Chí Lương','0965277332','huynhchiluong@gmail.com',41,'Nhà ở thường',''),
('3b13c449-2de1-4545-951b-3041b8c545f8','A502','6fc6cc22-d762-4003-9996-e9fdba7f7016','BL_A','Huỳnh Công Đạt','0965711535','huynhcongdat@gmail.com',43,'Nhà ở thường',''),
('6c31c286-06ec-4f1e-b1eb-5c45573564d8','A503','dc4c9f94-9da4-4501-8098-e8c357a41f62','BL_A','Huỳnh Hữu Ý','0961533717','huynhhuuy@gmail.com',57,'Nhà ở thường',''),
('18e32f14-58e2-4768-b51f-4783515dc92e','A504','9903acec-48ca-4aeb-a9d7-4635b9316e6a','BL_A','Lâm Lê Quang Huy','0924900989','lamlequanghuy@gmail.com',42,'Nhà ở thường',''),
('3ea295c8-6410-44a0-8303-75bc9170369f','A505','37d6fe73-eb19-49e0-b13b-020eb861e428','BL_A','Lê Đức Anh','0924893779','leducanh@gmail.com',43,'Nhà ở thường',''),
('569673de-44a5-4b51-b7e0-27a4e21308cc','A506','ea92c715-9aeb-4a34-9832-f8122bd5d095','BL_A','Lê Hồng Minh','0924894479','lehongminh@gmail.com',48,'Nhà ở thường',''),
('079a5a3d-882d-42cd-9102-bb49eb1eef39','A601','0234d2f6-66a2-4538-8c7f-f423dd697e9d','BL_A','Lê Minh Đức','0924898945','leminhduc@gmail.com',58,'Nhà ở thường',''),
('2299c028-3426-4e23-ab9a-dd6fef0b05c1','A602','f6470a5d-be8b-45d5-9bad-6d6264d8398c','BL_A','Lê Minh Quốc','0924901369','leminhquoc@gmail.com',52,'Nhà ở thường',''),
('f38e482e-c5a2-4d54-9c9a-5f27bb4388eb','A603','38332552-550a-44f2-ae3d-be23e6852437','BL_A','Lê Nguyễn Hải Duy','0924894994','lenguyenhaiduy@gmail.com',60,'Nhà ở thường',''),
('50bd8a36-5839-42e1-a172-775b2d8cc45d','A604','66c86ea7-02de-48b2-98da-6f26e4e88918','BL_A','Lê Phước Thiện','0924900966','lephuocthien@gmail.com',50,'Nhà ở thường',''),
('3a57116b-6e41-4ddb-96c2-3dcd12c1e419','A605','f4c0655a-4025-437d-a900-00279aa47dbc','BL_A','Lê Phương Hiền','0924900955','lephuonghien@gmail.com',44,'Nhà ở thường',''),
('4203e89b-6e64-414a-bc9e-2999d28ebd78','A606','58fdcee3-8a3d-43f7-a3a4-0613342ffc50','BL_A','Lê Tăng Có','0924900944','letangco@gmail.com',49,'Nhà ở thường',''),
('7f05dbc4-6dc7-4c9c-8ef2-c0e85d7a7deb','A701','ac9d4e65-6c88-4212-809b-ebc60acc50c8','BL_A','Lê Thị Minh Phượng','0924900933','lethiminhphuong@gmail.com',54,'Nhà ở thường',''),
('bfddd97f-4576-4ef9-9784-73e2882aae37','A702','cc8df301-1014-4b82-8852-b0e3fcad7fa0','BL_A','Lê Thị Như Ý','0795773000','lethinhuy@gmail.com',57,'Nhà ở thường',''),
('91b38417-d4e4-4642-97f4-802258a353bc','A703','69e9f37a-1f7b-4516-b26a-f026c44bbe1f','BL_A','Lê Trần Duy Sang','0763787000','letraRLuysang@gmail.com',56,'Nhà ở thường',''),
('e01ab005-70d0-42df-84e2-af49789c7e3c','A704','e3c1edf6-53c0-4a39-9c7a-37a5111289bb','BL_A','Lê Tuấn Quốc','0795771000','letuanquoc@gmail.com',55,'Nhà ở thường',''),
('5dc373d0-f0e0-4810-b80e-00abd20c0c52','A705','409e135a-f5c3-44d7-8e05-49b8290ffb0e','BL_A','Lê Tuấn Khôi','0795776000','letuankhoi@gmail.com',44,'Nhà ở thường',''),
('77e94483-f4b1-4f46-a4f7-b167007b8598','A706','8987550c-271f-4fec-9d54-df691685073e','BL_A','Lê Việt Đức','0975740407','levietduc@gmail.com',51,'Nhà ở thường',''),
('9f95b3d7-e417-45db-865c-e0006a584bac','A801','e6313549-dc67-43db-b225-3b723ab5c8d9','BL_A','Linh My','0969124164','linhmy@gmail.com',40,'Nhà ở thường',''),
('94146c50-7136-4f70-a559-22782f0ca532','A802','bd0ad12f-c706-44e2-b0fe-f9f2e1f7ce66','BL_A','Mai Như Ngọc','0969377656','mainhungoc@gmail.com',60,'Nhà ở thường',''),
('e2a820b1-570a-4115-8f8a-23d0f51ac611','A803','62a00c59-7c51-486c-ae6a-6dc855cceabf','BL_A','Mai Văn Yên','0924898919','maivanyen@gmail.com',46,'Nhà ở thường',''),
('9a24ba4d-13e2-4a25-849f-08c782204e6e','A804','0b9f19c5-7e08-4b6b-bf1d-e2d58ba676df','BL_A','Ngọ Viết Dũng','0924897978','ngovietdung@gmail.com',52,'Nhà ở thường',''),
('a4ea3e94-9d88-4263-a87a-8c8a249906c5','A805','49bbf899-6ac4-4f11-b358-af37b06b5347','BL_A','Nguyễn Cao Nguyên','0924899877','nguyencaonguyen@gmail.com',43,'Nhà ở thường',''),
('902e1fd6-b456-4a62-a535-e8f5f9cc2295','A806','9302aff7-bf60-4611-83f6-281421d3046f','BL_A','Nguyễn Dương Hiếu Hân','0924895598','nguyenduonghieuhan@gmail.com',57,'Nhà ở thường',''),
('1117fb59-2744-4eab-adf0-098257248120','B101','02852c00-1176-40ff-9bed-90c3d9c1bed3','BL_B','Nguyễn Duy Minh','0924900922','nguyenduyminh@gmail.com',40,'ShopHouse','Shop thời trang'),
('22031b39-9364-48b1-96d5-66607c26c4e2','B102','d7a21218-5584-4f8c-929d-5ef630cde24c','BL_B','Nguyễn Hoàng Quốc','0938265646','nguyenhoangquoc@gmail.com',46,'ShopHouse','Quán café'),
('dbf5031d-028e-4207-b174-3a49a0cb6bf5','B103','dc7f5cf3-3732-43a9-b53d-b9c857affb63','BL_B','Nguyễn Hữu Phước','0906840011','nguyenhuuphuoc@gmail.com',43,'ShopHouse','Bách hóa'),
('4f2264e6-5f0a-416a-b205-b15e6ba59563','B104','83463ef9-5564-4c83-972d-2e8e973d60b8','BL_B','Nguyễn Kim Thảo','0932040011','nguyenkimthao@gmail.com',49,'Nhà ở thường',''),
('432eb205-cfd5-40c8-b607-378315392ded','B105','4f275270-8f3c-449e-8d9f-66f2907dc348','BL_B','Nguyễn Lan Anh','0932750055','nguyenlananh@gmail.com',40,'Nhà ở thường',''),
('aad10a7a-82bf-452f-9f97-762f46db9b55','B106','b807c5df-92c7-4b29-90b0-9dd57ca66dc0','BL_B','Nguyễn Lê Duy','0934060022','nguyenleduy@gmail.com',46,'Nhà ở thường',''),
('586563a1-d609-4d1d-8902-d8de0b6528ff','B201','548561f1-eab8-4f4f-abf6-d17b9596a189','BL_B','Nguyễn Ngọc Huy','0934130011','nguyenngochuy@gmail.com',50,'Nhà ở thường',''),
('465988e4-2958-462e-92a6-8673d9ab9617','B202','9b6590b7-afd6-453d-b335-70bdc5f0e482','BL_B','Nguyễn Ngọc Lan Thảo','0934130022','nguyenngoclanthao@gmail.com',40,'Nhà ở thường',''),
('e41aa987-f4fe-47d6-806a-e04d1ff9d0d2','B203','4ef577f6-f0b2-4793-8c10-ae4e1f560df0','BL_B','Nguyễn Phi Yến','0934160022','nguyenphiyen@gmail.com',50,'Nhà ở thường',''),
('d057289c-25d2-4f37-b023-8cd0ec6d01c6','B204','054d7ee0-98bf-4794-970a-5c74859460cf','BL_B','Nguyễn Quốc Cường','0934190022','nguyenquoccuong@gmail.com',60,'Nhà ở thường',''),
('560d209e-1eb9-43e0-b0fe-49eb1409f686','B205','317dd9c3-e3b1-406c-af45-6ae0e888b3bd','BL_B','Nguyễn Sỹ Cảnh Hưng','0937280033','nguyensycanhhung@gmail.com',55,'Nhà ở thường',''),
('87a87011-1a89-4c03-8fda-e13683484808','B206','80ae8340-4661-4652-91e7-d5f0c3c313da','BL_B','Nguyễn Tấn Sang','0937510022','nguyentansang@gmail.com',59,'Nhà ở thường',''),
('7b881fc9-3bc7-44ec-b2ea-3f390da66899','B301','3d2df0f6-1cfb-4972-bd2b-cc5c84b40a18','BL_B','Nguyễn Tấn Tài','0937590033','nguyentantai@gmail.com',60,'Nhà ở thường',''),
('ff498619-dfc1-48ce-85da-63580935a0f7','B302','8b33116c-b0c6-4bb9-bfc6-e35762f58785','BL_B','Nguyễn Thị Lan','0937830022','nguyenthilan@gmail.com',59,'Nhà ở thường',''),
('b277f903-7660-4502-9efd-88fe413ecd35','B303','7ee7a954-b257-467b-a27f-ff0e2c901ddc','BL_B','Nguyễn Thị Anh Kiều','0938740011','nguyenthianhkieu@gmail.com',55,'Nhà ở thường',''),
('2e87b3e2-a1f6-4e74-90cf-e8d02fd0d281','B304','2bb21dcb-c95e-4cfa-999e-f7174252b094','BL_B','Nguyễn Thị Anh Nga','0906840011','nguyenthianhnga@gmail.com',50,'Nhà ở thường',''),
('2e043906-ea97-4d27-97b2-e94cc591b33d','B305','207613ca-b426-4ab2-817a-3277ffb5970e','BL_B','Nguyễn Thị Bích Phượng','0932040011','nguyenthibichphuong@gmail.com',43,'Nhà ở thường',''),
('f30758f3-aad7-483a-85e5-592a474d3a58','B306','aecdb60a-7c09-4303-b8cd-a0b0026bd262','BL_B','Nguyễn Thị Cẩm Hoài','0932750055','nguyenthicamhoai@gmail.com',49,'Nhà ở thường',''),
('8a673d48-916b-42f8-9118-23cc988a5e17','B401','187b8b21-bbcf-47f7-a130-636e35219c61','BL_B','Nguyễn Thị Hồng Trúc','0934060022','nguyenthihongtruc@gmail.com',60,'Nhà ở thường',''),
('83ff93fc-287a-4b10-84f0-fc43f6e2676d','B402','fdea7ab9-af29-46d9-87ca-699338790f3d','BL_B','Nguyễn Thị Kim Thoa','0934130011','nguyenthikimthoa@gmail.com',46,'Nhà ở thường',''),
('da7ee4a5-8b10-480a-85ff-6858be4c6409','B403','b25aec62-839b-4fd8-a11c-83113f756340','BL_B','Nguyễn Thị Ngọc Điệp','0934130022','nguyenthingocdiep@gmail.com',54,'Nhà ở thường',''),
('514ad7e4-309c-4063-9018-4051e6d88478','B404','da6d70c2-4954-41fc-89c8-af5d42740a9c','BL_B','Nguyễn Triệu Hùng','0934160022','nguyentrieuhung@gmail.com',43,'Nhà ở thường',''),
('877f79dc-99ab-4f04-b65a-a3431c219296','B405','c08712e2-e042-472c-bedc-ded302f14e01','BL_B','Nguyễn Văn Mạnh','0934190022','nguyenvanmanh@gmail.com',55,'Nhà ở thường',''),
('f3cd304c-790c-4dbd-969d-59bdea0cf2a3','B406','71507cc0-66b8-4a37-ae0e-32fe0a2fdd0e','BL_B','Nguyễn Văn Toàn','0937280033','nguyenvantoan@gmail.com',43,'Nhà ở thường',''),
('82b88b54-31a2-4ab5-997e-288144465986','B501','232788be-04d4-4ff7-8f71-d0d241e84203','BL_B','Phạm Huỳnh Mỹ Hạnh','0937510022','phamhuynhmyhanh@gmail.com',46,'Nhà ở thường',''),
('8c726f03-1711-46a9-8576-5ccb1b884482','B502','1e5f223f-a67d-4a1e-90c2-d8ae8af23373','BL_B','Phạm Minh Tú','0937590033','phamminhtu@gmail.com',56,'Nhà ở thường',''),
('dc7a986b-bfcb-43d5-9903-ea2decae364d','B503','d35b5a1b-2815-4c10-b94b-db3a6149bd51','BL_B','Phạm Văn Hào Quang','0937830022','phamvanhaoquang@gmail.com',46,'Nhà ở thường',''),
('7da13665-0a2f-48bd-bfe8-f75361cfeca5','B504','90ea0514-af48-4d3d-a757-608455614381','BL_B','Phan Thanh Tú','0938740011','phanthanhtu@gmail.com',58,'Nhà ở thường',''),
('b3cf5e52-2354-4e4b-8dab-23001eaab396','B505','e73e8742-6962-4269-8590-1e88f0205133','BL_B','Phan Thùy Dương','0906342012','phanthuyduong@gmail.com',47,'Nhà ở thường',''),
('d58a1a4d-2b93-44c5-8b87-d97498c01c19','B506','9a19ffdd-43c0-41f7-9698-1e9b5fd9f33d','BL_B','Phan Trọng Nhân','0906672004','phantrongnhan@gmail.com',60,'Nhà ở thường',''),
('01be8ce7-360f-46fa-85d6-0841e7ab952f','B601','63f566ed-8957-48f3-9420-7dec0107ba8d','BL_B','Phan Trường Giang','0932147070','phantruonggiang@gmail.com',44,'Nhà ở thường',''),
('f70c5688-cef0-4aaa-9242-156d6f1abbcd','B602','845d306d-aa9a-43ea-8165-536d5427e522','BL_B','Quách Nam Phương','0933802013','quachnamphuong@gmail.com',41,'Nhà ở thường',''),
('5d9e4835-14be-4bb3-85e0-ef7374588e4c','B603','b67202ba-dadd-4643-9700-fefdfdc3be19','BL_B','Tô Thúy Hằng','0934027070','tothuyhang@gmail.com',54,'Nhà ở thường',''),
('8a5c2aba-fe5a-455f-a705-9adebd941ab2','B604','433b73af-3d56-4bb4-81e2-2fa187f3e62c','BL_B','Trà Thảo Nguyên','0934058181','trathaonguyen@gmail.com',52,'Nhà ở thường',''),
('09708e1b-dce8-49c3-9a55-08ca322acd5b','B605','74f53c21-a101-4f46-9d1c-910f5448e51e','BL_B','Trần Trọng Nghĩa','0934097070','trantrongnghia@gmail.com',49,'Nhà ở thường',''),
('41e83532-43ff-4122-8255-91bc0e0b1355','B606','921f8b16-4bfa-4980-8b4e-9c1ddf32fcab','BL_B','Trần Anh Tuân','0934137070','trananhtuan@gmail.com',54,'Nhà ở thường',''),
('6ee85ab1-cb69-4c15-99d8-b1a15f33748a','B701','84282b89-5c33-4009-9b62-1ce522b32902','BL_B','Trần Bá Thảo','0934148080','tranbathao@gmail.com',40,'Nhà ở thường',''),
('9c8e8c14-68a0-4df1-ae68-3793d9e471c8','B702','c3c9a1d3-0244-445b-b1ea-e23f1a7d44c1','BL_B','Trần Đình Đồng','0934157070','traRLinhdong@gmail.com',59,'Nhà ở thường',''),
('4e3ff36c-785d-479c-8a92-2fb2e858fb8e','B703','544e3c4d-f970-4873-a58b-3d775035dc2d','BL_B','Trần Hữu Phát','0934198080','tranhuuphat@gmail.com',52,'Nhà ở thường',''),
('9211879d-c2de-4b9c-9ca2-8c46fad80ac8','B704','ccb60a39-e9fa-4379-bb9c-6aa730340f68','BL_B','Trần Minh Phát','0937327070','tranminhphat@gmail.com',47,'Nhà ở thường',''),
('dfc0a7a5-ddb5-4ed1-9404-230f69a876ea','B705','eb1a98b7-7f6a-47e5-9a68-1c4161829a70','BL_B','Trần Ngọc Anh','0937407272','tranngocanh@gmail.com',59,'Nhà ở thường',''),
('15a762c4-7412-4c21-b277-d891b11833cf','B706','1beb7d01-ea06-4422-8a58-ae25744ea6f2','BL_B','Trần Ngọc Hoàng Hưng','0937499292','tranngochoanghung@gmail.com',49,'Nhà ở thường',''),
('82c5763f-b2d2-4cc3-a8bf-d1f9d85c7e03','B801','8bcdafbe-65ff-4ab3-a308-803195756970','BL_B','Trần Nguyễn Anh Hiển','0937617070','trannguyenanhhien@gmail.com',55,'Nhà ở thường',''),
('812aa740-9f4d-4435-b9f6-206a8cc4aa9d','B802','a6e62552-593e-4bcc-a1ee-107bbe596ea7','BL_B','Trần Quốc Thống','0937641717','tranquocthong@gmail.com',58,'Nhà ở thường',''),
('bc465fff-847f-4654-94c1-7c42e5f76040','B803','51a781fc-7a31-41a2-9b83-61cd1b4e0801','BL_B','Trần Thanh Minh','0937752002','tranthanhminh@gmail.com',51,'Nhà ở thường',''),
('9312bff5-2649-4d81-9fb0-1e1cf2a576ae','B804','004daf71-c7d8-4dc8-bd20-e6acb1989aae','BL_B','Trần Thị Kim Anh','0937812002','tranthikimanh@gmail.com',40,'Nhà ở thường',''),
('9afb289a-3d3f-41b9-952a-b8b05c4913b9','B805','842aace6-9439-4708-9f9e-c6340e2a34d9','BL_B','Trần Thị Tường Vi','0937842002','tranthituongvi@gmail.com',53,'Nhà ở thường',''),
('8de095f3-3ada-4a43-a39d-f7f8a09bb428','B806','c6727a72-01a4-40e3-b70d-5f824c0bebec','BL_B','Trần Trọng Tiến','0938312002','trantrongtien@gmail.com',41,'Nhà ở thường',''),
('2063c992-68ff-4e53-9f46-83d87f7e5f69','B901','a86a634e-7cec-438e-8310-4efb1b4ed29c','BL_B','Trần Trọng Khiêm','0938842002','trantrongkhiem@gmail.com',51,'Nhà ở thường',''),
('c357d54f-1b09-4073-a251-ba4f21de6775','B902','dee4c068-ed48-4f08-9475-006b3e8bb0f8','BL_B','Trần Văn Trường','0938881441','tranvantruong@gmail.com',49,'Nhà ở thường',''),
('bd231bef-fc68-45eb-b0de-3f9293646f22','B903','0feb5b82-89d0-44e2-839c-769dfeaebe73','BL_B','Trịnh Hồng Nhung','0795771000','trinhhongnhung@gmail.com',47,'Nhà ở thường',''),
('68ea8647-83cf-4e91-b18b-77e1191d4a3e','B904','270c3272-7d3f-4629-9f27-084a5724e008','BL_B','Trịnh Lê Nhật Huy','0795776000','trinhlenhathuy@gmail.com',54,'Nhà ở thường',''),
('524adcb0-7e54-45d2-89e5-07a13f415542','B905','3addecb3-f4e1-4d4c-bdbe-7dafbad33a95','BL_B','Trương Minh Thiện','0975740407','truongminhthien@gmail.com',41,'Nhà ở thường',''),
('9f79438c-d4b5-4701-9da2-307d8b805078','B906','e25ecbd5-d259-48f5-9425-b32e5eb3a710','BL_B','Trương Thị Hoài Ánh','0969124164','truongthihoaianh@gmail.com',51,'Nhà ở thường',''),
('75dd3fcb-a9f1-4796-9ad9-cbf85c7beb59','B1001','e4ef4242-7335-40fb-82bf-dfc3c93c861c','BL_B','Trương Thị Mỹ Linh','0971342392','truongthimylinh@gmail.com',55,'Nhà ở thường',''),
('dd807a99-b841-4f12-9fe2-0c37fd30871e','B1002','3d5c1325-f729-4347-a153-0f9efab3d34a','BL_B','Võ Quý Khánh','0985446353','voquykhanh@gmail.com',44,'Nhà ở thường',''),
('677b0529-bfbe-431b-a814-cc82bc98eadb','B1003','3638e3af-a785-4814-88a4-048412e5c53d','BL_B','Võ Tấn Nguyên','0978776443','votannguyen@gmail.com',42,'Nhà ở thường',''),
('46adb7af-cca9-410a-9e4b-de30048de4ae','B1004','59e56777-3cdc-49c5-984b-b6ecba2204cc','BL_B','Võ Thị Duy Thảo','0963885774','vothiduythao@gmail.com',56,'Nhà ở thường',''),
('6eb03862-48c3-473f-9e07-83b8eb141a34','B1005','3c2f708a-1e90-4f14-877b-d522bd6505ac','BL_B','Võ Trung Hiếu','0981585774','votrunghieu@gmail.com',51,'Nhà ở thường',''),
('0d9fda6d-6526-4f0c-8625-adfed288c192','B1006','b9a6a336-d000-4f14-bec9-fe70ae0870e2','BL_B','Võ Văn Tuấn','0968010443','vovantuan@gmail.com',40,'Nhà ở thường','');

--Dữ liệu nhân sự
insert into staff(id,account_id,position_id,name,phone,email,salary,status)
values
('c621bc6f-0131-46c8-bec0-c237a4f78cea','b43f93f5-a524-46a7-b076-e5dbf7231520','f922a1c8-37bd-423a-82f5-9ad107de5e61','Ngô Tường Vy','0938265646','ngotuongvy@gmail.com',8000000,'Đang làm việc'),
('dba11be3-810c-4325-8748-dca56e93e09c','f054fd45-67e6-452e-96c0-163bdc41484b','0a14232a-1f7b-4625-9d09-cafff5c43916','Nguyễn Anh Khang','0906840011','nguyenanhkhang@gmail.com',6000000,'Đang làm việc'),
('a0829f79-5645-4577-8582-0392ef916e50','5c7066df-99b4-47d1-bf1e-fa502896683c','5c8865ee-1663-407f-b41e-a57c3c123395','Nguyễn Anh Trung','0932040011','nguyenanhtrung@gmail.com',5000000,'Đang làm việc'),
('ea09d3c7-494b-4de2-864e-248af53e3015','47a7429d-32b4-4a56-a139-1793a2172242','f407f05c-ca6f-472a-89f3-ab0130c43442','Nguyễn Bá An','0932750055','nguyenbaan@gmail.com',3500000,'Đang làm việc'),
('88f400e4-b3e0-4ef9-b6a7-4f40684ca6d3','e5ea3ee4-d14f-4fbc-908e-730407c46366','f407f05c-ca6f-472a-89f3-ab0130c43442','Nguyễn Duy Phú','0934060022','nguyenduyphu@gmail.com',3500000,'Đang làm việc'),
('fcf87567-cde0-4ba9-b65f-1de6d923a109','1d084949-9672-43ad-b2de-337b1b2fe87b','f407f05c-ca6f-472a-89f3-ab0130c43442','Nguyễn Đỗ Tường Phát','0934130011','nguyendotuongphat@gmail.com',3500000,'Đang làm việc'),
('edc959c2-59fd-476d-9b78-478cd9878c11','ff57944f-ed55-46f7-a7ca-7ecb157c8367','f407f05c-ca6f-472a-89f3-ab0130c43442','Nguyễn Đoàn Kiều Liên','0934130022','nguyendoankieulien@gmail.com',3500000,'Đang làm việc'),
('50b91436-c125-4516-a06e-8adecb5ea98c','b57949de-bdc3-44a1-9e79-d94f6278f83b','7b83f82b-de8d-4c23-8df6-45166ab81800','Nguyễn Đông Quân','0934160022','nguyendongquan@gmail.com',4000000,'Đang làm việc'),
('6b243005-7541-494f-9612-a834041549ec','f7390470-323d-43a7-8d68-5d8a14898c83','3dcbf4f1-a18d-4619-816f-4ef9a9e9920e','Nguyễn Đức Thịnh','0937280033','nguyenducthinh@gmail.com',3000000,'Đang làm việc'),
('aa293a00-8c36-4a9a-927b-9e48e49484a5','2ddce62d-9b50-40b1-b259-68699b9f6a2e','3dcbf4f1-a18d-4619-816f-4ef9a9e9920e','Nguyễn Hoàng Thắng','0937510022','nguyenhoangthang@gmail.com',3000000,'Đang làm việc'),
('a5e32974-9389-495e-a6d2-16f4337d31e9','fae8c1ea-afea-4fa0-8b82-39b215545eb6','3dcbf4f1-a18d-4619-816f-4ef9a9e9920e','Nguyễn Hoàng Khánh Duy','0937590033','nguyenhoangkhanhduy@gmail.com',3000000,'Đang làm việc'),
('db218f2a-a17c-46a7-b386-346bd94a7c0f','67ff1ad2-0fd2-4a88-8515-4de6c3caa48c','3dcbf4f1-a18d-4619-816f-4ef9a9e9920e','Nguyễn Hữu Tiến','0937830022','nguyenhuutien@gmail.com',3000000,'Đang làm việc'),
('ccca0da9-1ccd-4571-995e-de3278706b3d','abf08583-e4e9-44eb-9164-90bbcae13e92','3dcbf4f1-a18d-4619-816f-4ef9a9e9920e','Nguyễn Huỳnh Nhật Đang','0938740011','nguyenhuynhnhatdang@gmail.com',3000000,'Đang làm việc'),
('1c9c811d-c6ce-45d5-8fd1-ba38ee992c87','f86dabdc-e065-4585-958f-1ae2912b2061','3dcbf4f1-a18d-4619-816f-4ef9a9e9920e','Nguyễn Lâm Trường','0906840011','nguyenlamtruong@gmail.com',3000000,'Đang làm việc'),
('053d4b4e-a36c-46f7-866b-8ae0f1bb4dac','21e255d2-965f-40b0-ab17-10d8e8178666','5cbc0e47-6d65-4eaa-807b-19c401b7f4ed','Nguyễn Lương Toàn','0932040011','nguyenluongtoan@gmail.com',4000000,'Đang làm việc'),
('02b93089-4e35-4e09-8574-f8eac6e8da57','1f1ec87e-e95e-4330-b09b-4cf45d13a405','84a21531-a330-4281-adb0-cf106e87b820','Nguyễn Minh Hiếu','0932750055','nguyenminhhieu@gmail.com',3000000,'Đang làm việc'),
('f073b504-da4d-4a04-a359-adf112bb5c04','622a568b-b201-4966-a1eb-8b344570575f','84a21531-a330-4281-adb0-cf106e87b820','Nguyễn Minh Nhật','0934060022','nguyenminhnhat@gmail.com',3000000,'Đang làm việc'),
('2c543ab9-e5af-4909-b363-2e5e310fd863','cf31ed75-bbb7-4864-b849-c93f2039b26c','84a21531-a330-4281-adb0-cf106e87b820','Nguyễn Ngọc Quí','0934130011','nguyenngocqui@gmail.com',3000000,'Đang làm việc'),
('f53d2329-2033-464f-835b-ea74749ef0ac','a0e45415-1dd5-4490-95d0-d99f335b8a2e','84a21531-a330-4281-adb0-cf106e87b820','Nguyễn Ngọc Nam','0934130022','nguyenngocnam@gmail.com',3000000,'Đang làm việc'),
('6d51fe4f-74da-4a87-b9f1-d9dd66c7cd81','758971fd-bdf2-48db-a358-f94089cacdc6','84a21531-a330-4281-adb0-cf106e87b820','Nguyễn Ngọc Thúy Vy','0934160022','nguyenngocthuyvy@gmail.com',3000000,'Đang làm việc'),
('28b4f2c4-d4d5-4668-936b-90da99014c47','039c2025-efac-41b2-b5b7-e15e93c82dd2','84a21531-a330-4281-adb0-cf106e87b820','Nguyễn Nhật Quang','0937280033','nguyennhatquang@gmail.com',3000000,'Đang làm việc'),
('887a83b4-9393-4e86-a035-f53316276ba8','83ff33fd-229b-4e17-be14-6a61e429bfbc','716312c2-6822-4e5d-9d02-23260d82a7de','Nguyễn Phúc Long','0937510022','nguyenphuclong@gmail.com',4000000,'Đang làm việc'),
('36da7f77-a614-4fc3-9ba0-3cd016552eed','90b106d6-3033-45e7-8c57-f5bb7afd8374','387ff382-3984-4b54-b756-5e77a134a9af','Nguyễn Tấn Phát','0937590033','nguyentanphat@gmail.com',4000000,'Đang làm việc'),
('3753d2ef-25c2-4c1c-a217-bc48ff056f0f','17a6fe3d-c384-49ea-b7bb-9e7385945ddf','62813af5-9de9-41fc-b311-98ecb19de7ea','Nguyễn Thành Luân','0937830022','nguyenthanhluan@gmail.com',3000000,'Đang làm việc'),
('60c4e969-6e3d-4e26-ba0b-ae64125afab6','4e67e80f-7b92-4f9c-8aa2-778ba16dae14','534dabf6-fa46-4548-b5af-237728194da7','Nguyễn Thành Tuấn','0938740011','nguyenthanhtuan@gmail.com',5000000,'Đang làm việc'),
('9b821e26-fdff-4a32-83f9-ca51119df01f','c1502038-493c-4423-985a-8533a1a70652','11f9dbec-d302-4b82-92cc-17e6bd1b3566','Nguyễn Thành Đạt','0906342012','nguyenthanhdat@gmail.com',4500000,'Đang làm việc'),
('35ff1115-477c-4e4a-a326-b0ae9ee99f2b','c5e1c354-0500-41f7-8f30-21283c081fee','b6feda1b-5807-472a-a44b-b71dd7e2b3e9','Nguyễn Thị Phương','0906672004','nguyenthiphuong@gmail.com',3500000,'Đang làm việc'),
('eaacc49c-6eda-4f63-aa70-4395cc068a65','ef91a2cc-8983-49c8-b650-dfef6b6d8bad','b6feda1b-5807-472a-a44b-b71dd7e2b3e9','Nguyễn Thị Bích Diễm','0932147070','nguyenthibichdiem@gmail.com',3500000,'Đang làm việc'),
('3b9e9759-d593-4fd5-a497-0c8203155fa7','271604b9-bb44-4d73-bfe1-9d8a881af418','b6feda1b-5807-472a-a44b-b71dd7e2b3e9','Nguyễn Văn Nam','0933802013','nguyenvannam@gmail.com',3500000,'Đang làm việc');

--Dữ liệu sự kiện
insert into event(approver_id,apartment_id,name,date,start_time,end_time,status)
values
('887a83b4-9393-4e86-a035-f53316276ba8','32b5fe6e-cbf3-41f5-a334-fc3e0a1badde','Sinh nhật','06/05/2021','07:30','11:00','Đã phê duyệt'),
('887a83b4-9393-4e86-a035-f53316276ba8','a3e4a586-2d48-40a6-94b7-28aa47121425','Tiệc ăn mừng','07/05/2021','07:00','10:30','Đã phê duyệt'),
('887a83b4-9393-4e86-a035-f53316276ba8','9831a17c-33b3-419e-a799-99b9c595966c','Tiệc gia đình','08/05/2021','08:00','12:00','Đã phê duyệt'),
('887a83b4-9393-4e86-a035-f53316276ba8','87a87011-1a89-4c03-8fda-e13683484808','Sinh nhật','09/05/2021','14:00','18:00','Đã phê duyệt'),
('887a83b4-9393-4e86-a035-f53316276ba8','7b881fc9-3bc7-44ec-b2ea-3f390da66899','Tiệc ăn mừng','10/05/2021','14:30','16:30','Đã phê duyệt'),
('887a83b4-9393-4e86-a035-f53316276ba8','ff498619-dfc1-48ce-85da-63580935a0f7','Tiệc ăn hỏi','11/05/2021','16:00','20:00','Đã phê duyệt');

--Dữ liệu thông tin sửa chữa
insert into repair_info(apartment_id,staff_id,date,content,rate,status)
values
('32b5fe6e-cbf3-41f5-a334-fc3e0a1badde','ea09d3c7-494b-4de2-864e-248af53e3015','06/05/2021','Đèn trần nhà bị hư','Rất hài lòng','Đã đánh giá'),
('e41aa987-f4fe-47d6-806a-e04d1ff9d0d2','88f400e4-b3e0-4ef9-b6a7-4f40684ca6d3','07/05/2021','Van cấp nước bị nghẹt','Hài lòng','Đã đánh giá'),
('b1e59072-6f62-4f3a-9f0a-9fea92fa2f20','fcf87567-cde0-4ba9-b65f-1de6d923a109','08/05/2021','Rò rỉ nước nhà vệ sinh','Rất hài lòng','Đã đánh giá'),
('3b13c449-2de1-4545-951b-3041b8c545f8','edc959c2-59fd-476d-9b78-478cd9878c11','09/05/2021','Gạch sàn nhà bị nứt','Hài lòng','Đã đánh giá'),
('2e87b3e2-a1f6-4e74-90cf-e8d02fd0d281','ea09d3c7-494b-4de2-864e-248af53e3015','10/05/2021','Đèn nhà vệ sinh bị hỏng','Rất hài lòng','Đã đánh giá'),
('d58a1a4d-2b93-44c5-8b87-d97498c01c19','88f400e4-b3e0-4ef9-b6a7-4f40684ca6d3','11/05/2021','Đèn trần nhà bị hư','Hài lòng','Đã đánh giá'),
('dfc0a7a5-ddb5-4ed1-9404-230f69a876ea','fcf87567-cde0-4ba9-b65f-1de6d923a109','12/05/2021','Van cấp nước bị nghẹt','Rất hài lòng','Đã đánh giá'),
('22031b39-9364-48b1-96d5-66607c26c4e2','edc959c2-59fd-476d-9b78-478cd9878c11','13/05/2021','Rò rỉ nước nhà vệ sinh','Hài lòng','Đã đánh giá');

--Dữ liệu thông tin phản ánh
insert into reflect_info(department_id,apartment_id,date,title,content,answer,status)
values
('32377719-5e01-4862-a512-f1031169d21d','2e87b3e2-a1f6-4e74-90cf-e8d02fd0d281','04/05/2021','Đèn hành lang bị hỏng','Khu vực hành lang tầng nhà tôi ở đèn bị hỏng gây khó khăn đi lại khi về đêm. Mong bộ phận kỹ thuật xử lý gấp.','','Chờ trả lời'),
('32377719-5e01-4862-a512-f1031169d21d','6485e53c-8fa9-454c-aaa1-66b5cfd66a93','05/05/2021','Thang máy tòa nhà A không hoạt động','Thang máy khu vực tòa nhà nhà A hiện không hoạt động gây bất tiện cho việc đi lại. Mong ban quản lý khắc phục sớm.','','Chờ trả lời'),
('89780db0-ed39-4c08-8bcb-54f3b1ddb7a3','bc465fff-847f-4654-94c1-7c42e5f76040','06/05/2021','Khu vực hành lang tầng 8 tòa B dơ','Khu vực hành lang tầng nhà tôi sống rác nhiều, chai nhựa và cả rác sinh hoạt chưa được nhân viên vệ sinh gom rác hơn 2 ngày qua. Mong BQL nhanh xử lý.','','Chờ trả lời'),
('32377719-5e01-4862-a512-f1031169d21d','9afb289a-3d3f-41b9-952a-b8b05c4913b9','07/05/2021','Nền gạch hành làng tầng 8 bị hỏng','Nền gạch khu vực hành lanh tầng 8 bị bể nhiều chỗ, tiềm ẩn nguy cơ té ngã không an toàn. Mong BQL sớm khắc phục.','','Chờ trả lời'),
('1807ec2a-1d93-4589-846e-2ced74116ec7','569673de-44a5-4b51-b7e0-27a4e21308cc','08/05/2021','Cây xanh khu vực khuôn viên bị ngã','Cây xnah ở khu vực khuôn viên tòa A bị ngã gây mất an toàn, bất tiện đi lại. ','','Chờ trả lời');

--Dữ liệu thông tin gửi xe
insert into vehicle_parking_registration(plate_number,apartment_id,identity_card_number,parking_no,type,status,approver_id,start_date,cancellation_date)
values
('14L8-475.93','32b5fe6e-cbf3-41f5-a334-fc3e0a1badde','333194280069','767170','Xe máy','Đang gửi','887a83b4-9393-4e86-a035-f53316276ba8','01/05/2021',null),
('14P4-179.20','a3e4a586-2d48-40a6-94b7-28aa47121425','864113107978','406619','Xe máy','Đang gửi','887a83b4-9393-4e86-a035-f53316276ba8','01/05/2021',null),
('30J5-590.68','58a70b6e-5ed8-4473-8ee9-fd12eb00cd4a','710489784741','277192','Xe máy','Đang gửi','887a83b4-9393-4e86-a035-f53316276ba8','01/05/2021',null),
('19K1-204.61','79bd9d10-32a0-4bf0-8624-3a385f6faa99','622141216895','154380','Xe máy','Đang gửi','887a83b4-9393-4e86-a035-f53316276ba8','01/05/2021',null),
('76F8-234.14','6485e53c-8fa9-454c-aaa1-66b5cfd66a93','244143743126','338191','Xe máy','Đang gửi','887a83b4-9393-4e86-a035-f53316276ba8','01/05/2021',null),
('16L2-383.83','815caa48-dc8f-4cf7-8f2b-f63c34601a27','772289038856','184858','Xe máy','Đang gửi','887a83b4-9393-4e86-a035-f53316276ba8','01/05/2021',null),
('30P7-947.64','9831a17c-33b3-419e-a799-99b9c595966c','465259784500','803271','Xe máy','Đang gửi','887a83b4-9393-4e86-a035-f53316276ba8','01/05/2021',null),
('39F2-116.60','80414038-c511-4662-ada9-e2f75504b47c','648708753808','620574','Xe máy','Đang gửi','887a83b4-9393-4e86-a035-f53316276ba8','01/05/2021',null),
('48P5-642.27','a8e240d7-4825-4729-8520-31cffcc69dd3','631310139015','554951','Xe máy','Đang gửi','887a83b4-9393-4e86-a035-f53316276ba8','01/05/2021',null),
('88D2-977.76','4adcfcc3-3a9e-4c82-a69e-b9ee986c74b8','905870227440','774592','Xe máy','Đang gửi','887a83b4-9393-4e86-a035-f53316276ba8','01/05/2021',null),
('60U5-239.15','789aeea4-4f20-4a7c-8fdb-af3bddee6405','615709279755','711618','Xe máy','Đang gửi','887a83b4-9393-4e86-a035-f53316276ba8','01/05/2021',null),
('96J6-949.78','d61422e7-7a66-4f74-b04d-d603fb36c2d2','203612062451','204011','Xe máy','Đang gửi','887a83b4-9393-4e86-a035-f53316276ba8','01/05/2021',null),
('31P1-713.39','7cc41b96-2e38-42a5-8514-58ecc1f89de8','704896834586','552027','Xe máy','Đang gửi','887a83b4-9393-4e86-a035-f53316276ba8','01/05/2021',null),
('23X4-228.61','22f2d7ae-ecaf-4ad3-a1ee-20c1590b1a95','828659790002','132843','Xe máy','Đang gửi','887a83b4-9393-4e86-a035-f53316276ba8','01/05/2021',null),
('18I2-285.62','cac3d48e-1053-4480-9e38-ecacf0aa216a','314112953703','424236','Xe máy','Đang gửi','887a83b4-9393-4e86-a035-f53316276ba8','01/05/2021',null),
('18B4-649.36','918fdcb3-8f7d-4d02-b577-20928248f7ad','895839209939','742894','Xe máy','Đang gửi','887a83b4-9393-4e86-a035-f53316276ba8','01/05/2021',null),
('88G4-584.45','2b742dff-765e-464d-a8cc-7360b9f6290c','854238573170','141324','Xe máy','Đang gửi','887a83b4-9393-4e86-a035-f53316276ba8','01/05/2021',null),
('48V8-850.99','c2e3b1dc-4042-48fb-82a6-3524d2cd4a37','222040304978','124603','Xe máy','Đang gửi','887a83b4-9393-4e86-a035-f53316276ba8','01/05/2021',null),
('18B4-526.42','f307e667-d072-4617-8e7d-486ec4f3adc2','118626326185','859435','Xe máy','Đang gửi','887a83b4-9393-4e86-a035-f53316276ba8','01/05/2021',null),
('28R9-511.89','c079056e-a85c-45a7-b5b4-e0c9c99fea46','568525656716','161947','Xe máy','Đang gửi','887a83b4-9393-4e86-a035-f53316276ba8','01/05/2021',null),
('73P9-870.79','f63998b8-68b1-4a38-a823-6a7e5971d08b','316952486878','233672','Xe máy','Đang gửi','887a83b4-9393-4e86-a035-f53316276ba8','01/05/2021',null),
('63R4-450.07','1898c2ac-413e-4dd5-bf06-068d16e8cf7e','171457982887','239162','Xe máy','Đang gửi','887a83b4-9393-4e86-a035-f53316276ba8','01/05/2021',null),
('98F4-429.28','b1e59072-6f62-4f3a-9f0a-9fea92fa2f20','267376497127','382916','Xe máy','Đang gửi','887a83b4-9393-4e86-a035-f53316276ba8','01/05/2021',null),
('58A8-846.56','3293ce49-4c2d-420f-8228-495c221fd5aa','105377424358','424686','Xe máy','Đang gửi','887a83b4-9393-4e86-a035-f53316276ba8','01/05/2021',null),
('58H7-803.86','6114e532-872c-4101-b9d4-5fb366746df3','544537017675','797934','Xe máy','Đang gửi','887a83b4-9393-4e86-a035-f53316276ba8','01/05/2021',null),
('31H5-749.54','3b13c449-2de1-4545-951b-3041b8c545f8','449664151692','788199','Xe máy','Đang gửi','887a83b4-9393-4e86-a035-f53316276ba8','01/05/2021',null),
('92W8-655.47','6c31c286-06ec-4f1e-b1eb-5c45573564d8','491021490292','336686','Xe máy','Đang gửi','887a83b4-9393-4e86-a035-f53316276ba8','01/05/2021',null),
('57K8-665.92','18e32f14-58e2-4768-b51f-4783515dc92e','642820051661','968512','Xe máy','Đang gửi','887a83b4-9393-4e86-a035-f53316276ba8','01/05/2021',null),
('97O4-936.14','3ea295c8-6410-44a0-8303-75bc9170369f','865336711162','816645','Xe máy','Đang gửi','887a83b4-9393-4e86-a035-f53316276ba8','01/05/2021',null),
('66B9-935.80','569673de-44a5-4b51-b7e0-27a4e21308cc','691239753911','627701','Xe máy','Đang gửi','887a83b4-9393-4e86-a035-f53316276ba8','01/05/2021',null),
('94T4-123.79','079a5a3d-882d-42cd-9102-bb49eb1eef39','664081840280','261429','Xe máy','Đang gửi','887a83b4-9393-4e86-a035-f53316276ba8','01/05/2021',null),
('60M2-441.19','2299c028-3426-4e23-ab9a-dd6fef0b05c1','467641418018','239413','Xe máy','Đang gửi','887a83b4-9393-4e86-a035-f53316276ba8','01/05/2021',null),
('52F2-647.34','f38e482e-c5a2-4d54-9c9a-5f27bb4388eb','696730029858','560443','Xe máy','Đang gửi','887a83b4-9393-4e86-a035-f53316276ba8','01/05/2021',null),
('69E5-366.83','50bd8a36-5839-42e1-a172-775b2d8cc45d','665350034999','165208','Xe máy','Đang gửi','887a83b4-9393-4e86-a035-f53316276ba8','01/05/2021',null),
('18J9-529.63','3a57116b-6e41-4ddb-96c2-3dcd12c1e419','635950053905','193287','Xe máy','Đang gửi','887a83b4-9393-4e86-a035-f53316276ba8','01/05/2021',null),
('71G8-846.08','4203e89b-6e64-414a-bc9e-2999d28ebd78','393997833320','988959','Xe máy','Đang gửi','887a83b4-9393-4e86-a035-f53316276ba8','01/05/2021',null),
('93K2-854.13','7f05dbc4-6dc7-4c9c-8ef2-c0e85d7a7deb','713047880831','913671','Xe máy','Đang gửi','887a83b4-9393-4e86-a035-f53316276ba8','01/05/2021',null),
('23Q6-613.37','bfddd97f-4576-4ef9-9784-73e2882aae37','249587852586','351095','Xe máy','Đang gửi','887a83b4-9393-4e86-a035-f53316276ba8','01/05/2021',null),
('19Y9-664.82','91b38417-d4e4-4642-97f4-802258a353bc','574553693218','466779','Xe máy','Đang gửi','887a83b4-9393-4e86-a035-f53316276ba8','01/05/2021',null),
('31H4-503.86','e01ab005-70d0-42df-84e2-af49789c7e3c','521313437476','833701','Xe máy','Đang gửi','887a83b4-9393-4e86-a035-f53316276ba8','01/05/2021',null),
('68Y3-312.83','5dc373d0-f0e0-4810-b80e-00abd20c0c52','329346217987','815177','Xe máy','Đang gửi','887a83b4-9393-4e86-a035-f53316276ba8','01/05/2021',null),
('93F3-349.82','77e94483-f4b1-4f46-a4f7-b167007b8598','227786989895','778604','Xe máy','Đang gửi','887a83b4-9393-4e86-a035-f53316276ba8','01/05/2021',null),
('94A5-653.66','9f95b3d7-e417-45db-865c-e0006a584bac','112637861021','429624','Xe máy','Đang gửi','887a83b4-9393-4e86-a035-f53316276ba8','01/05/2021',null),
('57P1-298.76','94146c50-7136-4f70-a559-22782f0ca532','794847583282','460097','Xe máy','Đang gửi','887a83b4-9393-4e86-a035-f53316276ba8','01/05/2021',null),
('14P8-301.20','e2a820b1-570a-4115-8f8a-23d0f51ac611','929249460845','581526','Xe máy','Đang gửi','887a83b4-9393-4e86-a035-f53316276ba8','01/05/2021',null),
('95R5-716.98','9a24ba4d-13e2-4a25-849f-08c782204e6e','512624957596','947587','Xe máy','Đang gửi','887a83b4-9393-4e86-a035-f53316276ba8','01/05/2021',null),
('33B6-376.35','a4ea3e94-9d88-4263-a87a-8c8a249906c5','538629459882','469647','Xe máy','Đang gửi','887a83b4-9393-4e86-a035-f53316276ba8','01/05/2021',null),
('24Q3-829.47','902e1fd6-b456-4a62-a535-e8f5f9cc2295','719606346207','289177','Xe máy','Đang gửi','887a83b4-9393-4e86-a035-f53316276ba8','01/05/2021',null),
('70F7-452.76','1117fb59-2744-4eab-adf0-098257248120','554288133784','984877','Xe máy','Đang gửi','887a83b4-9393-4e86-a035-f53316276ba8','01/05/2021',null),
('39L1-384.26','22031b39-9364-48b1-96d5-66607c26c4e2','754916750164','135540','Xe máy','Đang gửi','887a83b4-9393-4e86-a035-f53316276ba8','01/05/2021',null),
('68U4-519.97','dbf5031d-028e-4207-b174-3a49a0cb6bf5','191458728025','720473','Xe máy','Đang gửi','887a83b4-9393-4e86-a035-f53316276ba8','01/05/2021',null),
('96V3-729.35','4f2264e6-5f0a-416a-b205-b15e6ba59563','788574808849','832410','Xe máy','Đang gửi','887a83b4-9393-4e86-a035-f53316276ba8','01/05/2021',null),
('54X3-940.87','432eb205-cfd5-40c8-b607-378315392ded','633316418614','354895','Xe máy','Đang gửi','887a83b4-9393-4e86-a035-f53316276ba8','01/05/2021',null),
('83J3-333.65','aad10a7a-82bf-452f-9f97-762f46db9b55','363427270321','807357','Xe máy','Đang gửi','887a83b4-9393-4e86-a035-f53316276ba8','01/05/2021',null),
('75P2-403.97','586563a1-d609-4d1d-8902-d8de0b6528ff','263151366117','771051','Xe máy','Đang gửi','887a83b4-9393-4e86-a035-f53316276ba8','01/05/2021',null),
('51C7-390.68','465988e4-2958-462e-92a6-8673d9ab9617','155914661588','335659','Xe máy','Đang gửi','887a83b4-9393-4e86-a035-f53316276ba8','01/05/2021',null),
('61W3-204.62','e41aa987-f4fe-47d6-806a-e04d1ff9d0d2','432912832181','116083','Xe máy','Đang gửi','887a83b4-9393-4e86-a035-f53316276ba8','01/05/2021',null),
('94Z6-142.82','d057289c-25d2-4f37-b023-8cd0ec6d01c6','288026970886','267685','Xe máy','Đang gửi','887a83b4-9393-4e86-a035-f53316276ba8','01/05/2021',null),
('53E2-848.81','560d209e-1eb9-43e0-b0fe-49eb1409f686','703117093561','143081','Xe máy','Đang gửi','887a83b4-9393-4e86-a035-f53316276ba8','01/05/2021',null),
('73M8-308.56','87a87011-1a89-4c03-8fda-e13683484808','916133167475','569352','Xe máy','Đang gửi','887a83b4-9393-4e86-a035-f53316276ba8','01/05/2021',null),
('74P3-388.50','7b881fc9-3bc7-44ec-b2ea-3f390da66899','288869084725','315117','Xe máy','Đang gửi','887a83b4-9393-4e86-a035-f53316276ba8','01/05/2021',null),
('62J7-387.37','ff498619-dfc1-48ce-85da-63580935a0f7','789905582678','420640','Xe máy','Đang gửi','887a83b4-9393-4e86-a035-f53316276ba8','01/05/2021',null),
('58Y7-982.06','b277f903-7660-4502-9efd-88fe413ecd35','463945463581','216375','Xe máy','Đang gửi','887a83b4-9393-4e86-a035-f53316276ba8','01/05/2021',null),
('20N7-850.06','2e87b3e2-a1f6-4e74-90cf-e8d02fd0d281','411553595417','817401','Xe máy','Đang gửi','887a83b4-9393-4e86-a035-f53316276ba8','01/05/2021',null),
('18X6-606.27','2e043906-ea97-4d27-97b2-e94cc591b33d','588861099854','831421','Xe máy','Đang gửi','887a83b4-9393-4e86-a035-f53316276ba8','01/05/2021',null),
('81J7-796.38','f30758f3-aad7-483a-85e5-592a474d3a58','302904060262','287216','Xe máy','Đang gửi','887a83b4-9393-4e86-a035-f53316276ba8','01/05/2021',null),
('46U8-156.61','8a673d48-916b-42f8-9118-23cc988a5e17','735411455774','826586','Xe máy','Đang gửi','887a83b4-9393-4e86-a035-f53316276ba8','01/05/2021',null),
('20U9-986.36','83ff93fc-287a-4b10-84f0-fc43f6e2676d','640591081756','928560','Xe máy','Đang gửi','887a83b4-9393-4e86-a035-f53316276ba8','01/05/2021',null),
('14E9-835.47','da7ee4a5-8b10-480a-85ff-6858be4c6409','600588032413','176123','Xe máy','Đang gửi','887a83b4-9393-4e86-a035-f53316276ba8','01/05/2021',null),
('627-1240.00','514ad7e4-309c-4063-9018-4051e6d88478','704621167445','620359','Xe máy','Đang gửi','887a83b4-9393-4e86-a035-f53316276ba8','01/05/2021',null),
('93N5-132.94','877f79dc-99ab-4f04-b65a-a3431c219296','970411245640','571218','Xe máy','Đang gửi','887a83b4-9393-4e86-a035-f53316276ba8','01/05/2021',null),
('72O5-643.17','f3cd304c-790c-4dbd-969d-59bdea0cf2a3','263715220008','700311','Xe máy','Đang gửi','887a83b4-9393-4e86-a035-f53316276ba8','01/05/2021',null),
('97B5-847.35','82b88b54-31a2-4ab5-997e-288144465986','644473116225','413607','Xe máy','Đang gửi','887a83b4-9393-4e86-a035-f53316276ba8','01/05/2021',null),
('55K5-424.03','8c726f03-1711-46a9-8576-5ccb1b884482','474515436080','762058','Xe máy','Đang gửi','887a83b4-9393-4e86-a035-f53316276ba8','01/05/2021',null),
('80Y8-801.40','dc7a986b-bfcb-43d5-9903-ea2decae364d','722641268901','781315','Xe máy','Đang gửi','887a83b4-9393-4e86-a035-f53316276ba8','01/05/2021',null),
('35F2-837.83','7da13665-0a2f-48bd-bfe8-f75361cfeca5','641489640549','826693','Xe máy','Đang gửi','887a83b4-9393-4e86-a035-f53316276ba8','01/05/2021',null),
('84L5-869.10','b3cf5e52-2354-4e4b-8dab-23001eaab396','143644921630','506412','Xe máy','Đang gửi','887a83b4-9393-4e86-a035-f53316276ba8','01/05/2021',null),
('49N6-108.22','d58a1a4d-2b93-44c5-8b87-d97498c01c19','711327065156','479564','Xe máy','Đang gửi','887a83b4-9393-4e86-a035-f53316276ba8','01/05/2021',null),
('36Y4-121.52','01be8ce7-360f-46fa-85d6-0841e7ab952f','634813511665','451320','Xe máy','Đang gửi','887a83b4-9393-4e86-a035-f53316276ba8','01/05/2021',null),
('72O5-556.59','f70c5688-cef0-4aaa-9242-156d6f1abbcd','690595986044','799855','Xe máy','Đang gửi','887a83b4-9393-4e86-a035-f53316276ba8','01/05/2021',null),
('61X7-932.26','5d9e4835-14be-4bb3-85e0-ef7374588e4c','211669386978','437657','Xe máy','Đang gửi','887a83b4-9393-4e86-a035-f53316276ba8','01/05/2021',null),
('61A2-721.07','8a5c2aba-fe5a-455f-a705-9adebd941ab2','367361731351','971479','Xe máy','Đang gửi','887a83b4-9393-4e86-a035-f53316276ba8','01/05/2021',null),
('81E1-535.07','09708e1b-dce8-49c3-9a55-08ca322acd5b','304599913671','720621','Xe máy','Đang gửi','887a83b4-9393-4e86-a035-f53316276ba8','01/05/2021',null),
('57U3-312.83','41e83532-43ff-4122-8255-91bc0e0b1355','103372766690','270602','Xe máy','Đang gửi','887a83b4-9393-4e86-a035-f53316276ba8','01/05/2021',null),
('68P1-270.27','6ee85ab1-cb69-4c15-99d8-b1a15f33748a','566773756504','721261','Xe máy','Đang gửi','887a83b4-9393-4e86-a035-f53316276ba8','01/05/2021',null),
('19S8-184.44','9c8e8c14-68a0-4df1-ae68-3793d9e471c8','928050970168','448614','Xe máy','Đang gửi','887a83b4-9393-4e86-a035-f53316276ba8','01/05/2021',null),
('65F7-717.60','4e3ff36c-785d-479c-8a92-2fb2e858fb8e','536305829047','601893','Xe máy','Đang gửi','887a83b4-9393-4e86-a035-f53316276ba8','01/05/2021',null),
('91V1-695.48','9211879d-c2de-4b9c-9ca2-8c46fad80ac8','476050208907','294824','Xe máy','Đang gửi','887a83b4-9393-4e86-a035-f53316276ba8','01/05/2021',null),
('78H3-875.27','dfc0a7a5-ddb5-4ed1-9404-230f69a876ea','169104006116','240477','Xe máy','Đang gửi','887a83b4-9393-4e86-a035-f53316276ba8','01/05/2021',null),
('69M2-768.29','15a762c4-7412-4c21-b277-d891b11833cf','575386893080','177086','Xe máy','Đang gửi','887a83b4-9393-4e86-a035-f53316276ba8','01/05/2021',null),
('37G7-466.86','82c5763f-b2d2-4cc3-a8bf-d1f9d85c7e03','515473520413','145764','Xe máy','Đang gửi','887a83b4-9393-4e86-a035-f53316276ba8','01/05/2021',null),
('79T6-665.08','812aa740-9f4d-4435-b9f6-206a8cc4aa9d','720698384119','473715','Xe máy','Đang gửi','887a83b4-9393-4e86-a035-f53316276ba8','01/05/2021',null),
('54R1-567.38','bc465fff-847f-4654-94c1-7c42e5f76040','664875407071','398962','Xe máy','Đang gửi','887a83b4-9393-4e86-a035-f53316276ba8','01/05/2021',null),
('65P4-840.10','9312bff5-2649-4d81-9fb0-1e1cf2a576ae','310016340415','168759','Xe máy','Đang gửi','887a83b4-9393-4e86-a035-f53316276ba8','01/05/2021',null),
('55E3-540.15','9afb289a-3d3f-41b9-952a-b8b05c4913b9','127302700442','303104','Xe máy','Đang gửi','887a83b4-9393-4e86-a035-f53316276ba8','01/05/2021',null),
('37C5-599.71','8de095f3-3ada-4a43-a39d-f7f8a09bb428','123064447320','515437','Xe máy','Đang gửi','887a83b4-9393-4e86-a035-f53316276ba8','01/05/2021',null),
('71K1-544.00','2063c992-68ff-4e53-9f46-83d87f7e5f69','794626168842','380360','Xe máy','Đang gửi','887a83b4-9393-4e86-a035-f53316276ba8','01/05/2021',null),
('12L8-552.92','c357d54f-1b09-4073-a251-ba4f21de6775','336153163002','389367','Xe máy','Đang gửi','887a83b4-9393-4e86-a035-f53316276ba8','01/05/2021',null),
('26R3-241.96','bd231bef-fc68-45eb-b0de-3f9293646f22','456803417295','708383','Xe máy','Đang gửi','887a83b4-9393-4e86-a035-f53316276ba8','01/05/2021',null),
('25P3-836.38','68ea8647-83cf-4e91-b18b-77e1191d4a3e','483176334210','728091','Xe máy','Đang gửi','887a83b4-9393-4e86-a035-f53316276ba8','01/05/2021',null),
('25S1-402.03','524adcb0-7e54-45d2-89e5-07a13f415542','387786258529','608594','Xe máy','Đang gửi','887a83b4-9393-4e86-a035-f53316276ba8','01/05/2021',null),
('74L6-444.73','9f79438c-d4b5-4701-9da2-307d8b805078','904178066852','565683','Xe máy','Đang gửi','887a83b4-9393-4e86-a035-f53316276ba8','01/05/2021',null),
('77U7-971.79','75dd3fcb-a9f1-4796-9ad9-cbf85c7beb59','292109306239','684589','Xe máy','Đang gửi','887a83b4-9393-4e86-a035-f53316276ba8','01/05/2021',null),
('16K3-578.87','dd807a99-b841-4f12-9fe2-0c37fd30871e','867397061498','570205','Xe máy','Đang gửi','887a83b4-9393-4e86-a035-f53316276ba8','01/05/2021',null),
('21M7-840.47','677b0529-bfbe-431b-a814-cc82bc98eadb','380317518014','802457','Xe máy','Đang gửi','887a83b4-9393-4e86-a035-f53316276ba8','01/05/2021',null),
('12P8-426.90','46adb7af-cca9-410a-9e4b-de30048de4ae','995010385215','514344','Xe máy','Đang gửi','887a83b4-9393-4e86-a035-f53316276ba8','01/05/2021',null),
('31T4-758.52','6eb03862-48c3-473f-9e07-83b8eb141a34','366221044171','604677','Xe máy','Đang gửi','887a83b4-9393-4e86-a035-f53316276ba8','01/05/2021',null),
('58E5-627.78','0d9fda6d-6526-4f0c-8625-adfed288c192','765323344275','421457','Xe máy','Đang gửi','887a83b4-9393-4e86-a035-f53316276ba8','01/05/2021',null),
('32L6-814.51','32b5fe6e-cbf3-41f5-a334-fc3e0a1badde','820867408438','561383','Xe máy','Đang gửi','887a83b4-9393-4e86-a035-f53316276ba8','01/05/2021',null),
('21Y1-899.42','a3e4a586-2d48-40a6-94b7-28aa47121425','388542189606','411535','Xe máy','Đang gửi','887a83b4-9393-4e86-a035-f53316276ba8','01/05/2021',null),
('94F4-501.12','58a70b6e-5ed8-4473-8ee9-fd12eb00cd4a','342879374812','621158','Xe máy','Đang gửi','887a83b4-9393-4e86-a035-f53316276ba8','01/05/2021',null),
('85Q3-169.47','79bd9d10-32a0-4bf0-8624-3a385f6faa99','647898864178','660198','Xe máy','Đang gửi','887a83b4-9393-4e86-a035-f53316276ba8','01/05/2021',null),
('36X4-456.27','6485e53c-8fa9-454c-aaa1-66b5cfd66a93','402100907463','732396','Xe máy','Đang gửi','887a83b4-9393-4e86-a035-f53316276ba8','01/05/2021',null),
('12O3-872.17','815caa48-dc8f-4cf7-8f2b-f63c34601a27','664972721161','918750','Xe máy','Đang gửi','887a83b4-9393-4e86-a035-f53316276ba8','01/05/2021',null),
('32O5-624.72','9831a17c-33b3-419e-a799-99b9c595966c','900221726899','673557','Xe máy','Đang gửi','887a83b4-9393-4e86-a035-f53316276ba8','01/05/2021',null),
('81T2-566.91','80414038-c511-4662-ada9-e2f75504b47c','981019908530','699814','Xe máy','Đang gửi','887a83b4-9393-4e86-a035-f53316276ba8','01/05/2021',null),
('60Y4-932.16','a8e240d7-4825-4729-8520-31cffcc69dd3','703185323218','978267','Xe máy','Đang gửi','887a83b4-9393-4e86-a035-f53316276ba8','01/05/2021',null),
('98S1-678.80','4adcfcc3-3a9e-4c82-a69e-b9ee986c74b8','716763877194','982631','Xe máy','Đang gửi','887a83b4-9393-4e86-a035-f53316276ba8','01/05/2021',null),
('75A2-582.87','789aeea4-4f20-4a7c-8fdb-af3bddee6405','915106463264','639721','Xe máy','Đang gửi','887a83b4-9393-4e86-a035-f53316276ba8','01/05/2021',null),
('28T8-517.99','d61422e7-7a66-4f74-b04d-d603fb36c2d2','683149675687','840708','Xe máy','Đang gửi','887a83b4-9393-4e86-a035-f53316276ba8','01/05/2021',null),
('19V6-265.66','7cc41b96-2e38-42a5-8514-58ecc1f89de8','908828887563','357672','Xe máy','Đang gửi','887a83b4-9393-4e86-a035-f53316276ba8','01/05/2021',null),
('83Z3-178.85','22f2d7ae-ecaf-4ad3-a1ee-20c1590b1a95','469856578242','262536','Xe máy','Đang gửi','887a83b4-9393-4e86-a035-f53316276ba8','01/05/2021',null),
('99E5-152.49','cac3d48e-1053-4480-9e38-ecacf0aa216a','965056875465','446193','Xe máy','Đang gửi','887a83b4-9393-4e86-a035-f53316276ba8','01/05/2021',null),
('94G6-636.97','918fdcb3-8f7d-4d02-b577-20928248f7ad','178498337647','952071','Xe máy','Đang gửi','887a83b4-9393-4e86-a035-f53316276ba8','01/05/2021',null),
('31V7-526.75','2b742dff-765e-464d-a8cc-7360b9f6290c','162039488644','135304','Xe máy','Đang gửi','887a83b4-9393-4e86-a035-f53316276ba8','01/05/2021',null),
('36C5-256.78','c2e3b1dc-4042-48fb-82a6-3524d2cd4a37','161420235543','278168','Xe máy','Đang gửi','887a83b4-9393-4e86-a035-f53316276ba8','01/05/2021',null),
('14X2-447.16','f307e667-d072-4617-8e7d-486ec4f3adc2','202622724200','910981','Xe máy','Đang gửi','887a83b4-9393-4e86-a035-f53316276ba8','01/05/2021',null),
('18K2-394.55','c079056e-a85c-45a7-b5b4-e0c9c99fea46','837107071884','792312','Xe máy','Đang gửi','887a83b4-9393-4e86-a035-f53316276ba8','01/05/2021',null),
('40D9-286.27','f63998b8-68b1-4a38-a823-6a7e5971d08b','889206332904','848196','Xe máy','Đang gửi','887a83b4-9393-4e86-a035-f53316276ba8','01/05/2021',null),
('68H2-318.45','1898c2ac-413e-4dd5-bf06-068d16e8cf7e','645502054824','785054','Xe máy','Đang gửi','887a83b4-9393-4e86-a035-f53316276ba8','01/05/2021',null),
('21N8-484.04','b1e59072-6f62-4f3a-9f0a-9fea92fa2f20','181455407310','189799','Xe máy','Đang gửi','887a83b4-9393-4e86-a035-f53316276ba8','01/05/2021',null),
('39A8-150.72','3293ce49-4c2d-420f-8228-495c221fd5aa','281685408813','472631','Xe máy','Đang gửi','887a83b4-9393-4e86-a035-f53316276ba8','01/05/2021',null),
('17K4-795.64','6114e532-872c-4101-b9d4-5fb366746df3','384439946333','326367','Xe máy','Đang gửi','887a83b4-9393-4e86-a035-f53316276ba8','01/05/2021',null),
('27F8-424.29','3b13c449-2de1-4545-951b-3041b8c545f8','240974684351','337961','Xe máy','Đang gửi','887a83b4-9393-4e86-a035-f53316276ba8','01/05/2021',null),
('72H2-803.30','6c31c286-06ec-4f1e-b1eb-5c45573564d8','381340783122','413399','Xe máy','Đang gửi','887a83b4-9393-4e86-a035-f53316276ba8','01/05/2021',null),
('13L6-217.05','18e32f14-58e2-4768-b51f-4783515dc92e','274817294945','199719','Xe máy','Đang gửi','887a83b4-9393-4e86-a035-f53316276ba8','01/05/2021',null),
('77J6-319.15','3ea295c8-6410-44a0-8303-75bc9170369f','686303937588','791514','Xe máy','Đang gửi','887a83b4-9393-4e86-a035-f53316276ba8','01/05/2021',null),
('12X6-662.12','569673de-44a5-4b51-b7e0-27a4e21308cc','938349047366','802788','Xe máy','Đang gửi','887a83b4-9393-4e86-a035-f53316276ba8','01/05/2021',null),
('21K9-217.36','079a5a3d-882d-42cd-9102-bb49eb1eef39','578825995536','251958','Xe máy','Đang gửi','887a83b4-9393-4e86-a035-f53316276ba8','01/05/2021',null),
('45C3-688.87','2299c028-3426-4e23-ab9a-dd6fef0b05c1','942354021634','709729','Xe máy','Đang gửi','887a83b4-9393-4e86-a035-f53316276ba8','01/05/2021',null),
('76W1-361.94','f38e482e-c5a2-4d54-9c9a-5f27bb4388eb','137276421058','160029','Xe máy','Đang gửi','887a83b4-9393-4e86-a035-f53316276ba8','01/05/2021',null),
('97X7-443.97','50bd8a36-5839-42e1-a172-775b2d8cc45d','457038659090','268771','Xe máy','Đang gửi','887a83b4-9393-4e86-a035-f53316276ba8','01/05/2021',null),
('46N9-225.89','3a57116b-6e41-4ddb-96c2-3dcd12c1e419','577137400864','887245','Xe máy','Đang gửi','887a83b4-9393-4e86-a035-f53316276ba8','01/05/2021',null),
('32A5-191.71','4203e89b-6e64-414a-bc9e-2999d28ebd78','988650942898','142504','Xe máy','Đang gửi','887a83b4-9393-4e86-a035-f53316276ba8','01/05/2021',null),
('16U2-543.68','7f05dbc4-6dc7-4c9c-8ef2-c0e85d7a7deb','673584480359','925877','Xe máy','Đang gửi','887a83b4-9393-4e86-a035-f53316276ba8','01/05/2021',null),
('46C2-970.30','bfddd97f-4576-4ef9-9784-73e2882aae37','723701135947','340687','Xe máy','Đang gửi','887a83b4-9393-4e86-a035-f53316276ba8','01/05/2021',null),
('33I9-745.58','91b38417-d4e4-4642-97f4-802258a353bc','280308081638','714525','Xe máy','Đang gửi','887a83b4-9393-4e86-a035-f53316276ba8','01/05/2021',null),
('82B4-616.39','e01ab005-70d0-42df-84e2-af49789c7e3c','881528046718','615017','Xe máy','Đang gửi','887a83b4-9393-4e86-a035-f53316276ba8','01/05/2021',null),
('81L6-716.27','5dc373d0-f0e0-4810-b80e-00abd20c0c52','582630187585','435678','Xe máy','Đang gửi','887a83b4-9393-4e86-a035-f53316276ba8','01/05/2021',null),
('39Y8-275.81','77e94483-f4b1-4f46-a4f7-b167007b8598','211906725884','587483','Xe máy','Đang gửi','887a83b4-9393-4e86-a035-f53316276ba8','01/05/2021',null),
('98U6-392.29','9211879d-c2de-4b9c-9ca2-8c46fad80ac8','233427635529','684701','Xe máy','Đang gửi','887a83b4-9393-4e86-a035-f53316276ba8','01/05/2021',null),
('81N4-438.71','dfc0a7a5-ddb5-4ed1-9404-230f69a876ea','164765494067','884079','Xe máy','Đang gửi','887a83b4-9393-4e86-a035-f53316276ba8','01/05/2021',null),
('67X8-906.54','15a762c4-7412-4c21-b277-d891b11833cf','821882114611','706023','Xe máy','Đang gửi','887a83b4-9393-4e86-a035-f53316276ba8','01/05/2021',null),
('97U3-327.54','82c5763f-b2d2-4cc3-a8bf-d1f9d85c7e03','828486687715','198747','Xe máy','Đang gửi','887a83b4-9393-4e86-a035-f53316276ba8','01/05/2021',null),
('37I5-565.48','812aa740-9f4d-4435-b9f6-206a8cc4aa9d','562265581361','614519','Xe máy','Đang gửi','887a83b4-9393-4e86-a035-f53316276ba8','01/05/2021',null),
('22N4-273.79','bc465fff-847f-4654-94c1-7c42e5f76040','731020033029','663885','Xe máy','Đang gửi','887a83b4-9393-4e86-a035-f53316276ba8','01/05/2021',null),
('82Z7-591.98','1117fb59-2744-4eab-adf0-098257248120','396474367705','285825','Xe máy','Đang gửi','887a83b4-9393-4e86-a035-f53316276ba8','01/05/2021',null),
('59S3-638.08','22031b39-9364-48b1-96d5-66607c26c4e2','619035495485','669631','Xe máy','Đang gửi','887a83b4-9393-4e86-a035-f53316276ba8','01/05/2021',null),
('43V8-306.07','dbf5031d-028e-4207-b174-3a49a0cb6bf5','887529735623','645982','Xe máy','Đang gửi','887a83b4-9393-4e86-a035-f53316276ba8','01/05/2021',null),
('83T9-235.84','4f2264e6-5f0a-416a-b205-b15e6ba59563','356953287891','932433','Xe máy','Đang gửi','887a83b4-9393-4e86-a035-f53316276ba8','01/05/2021',null),
('43A6-208.98','432eb205-cfd5-40c8-b607-378315392ded','750962645165','433253','Xe máy','Đang gửi','887a83b4-9393-4e86-a035-f53316276ba8','01/05/2021',null),
('88M2-163.58','aad10a7a-82bf-452f-9f97-762f46db9b55','940344928164','594929','Xe máy','Đang gửi','887a83b4-9393-4e86-a035-f53316276ba8','01/05/2021',null),
('22Z7-441.94','586563a1-d609-4d1d-8902-d8de0b6528ff','748962931545','845689','Xe máy','Đang gửi','887a83b4-9393-4e86-a035-f53316276ba8','01/05/2021',null),
('32Q9-267.23','465988e4-2958-462e-92a6-8673d9ab9617','217833568468','891031','Xe máy','Đang gửi','887a83b4-9393-4e86-a035-f53316276ba8','01/05/2021',null),
('11V1-613.16','e41aa987-f4fe-47d6-806a-e04d1ff9d0d2','228447528660','625269','Xe máy','Đang gửi','887a83b4-9393-4e86-a035-f53316276ba8','01/05/2021',null),
('84T3-386.61','d057289c-25d2-4f37-b023-8cd0ec6d01c6','814958027043','224658','Xe máy','Đang gửi','887a83b4-9393-4e86-a035-f53316276ba8','01/05/2021',null),
('14L1-706.61','560d209e-1eb9-43e0-b0fe-49eb1409f686','828548492883','796790','Xe máy','Đang gửi','887a83b4-9393-4e86-a035-f53316276ba8','01/05/2021',null),
('11U6-116.87','87a87011-1a89-4c03-8fda-e13683484808','251682480116','457000','Xe máy','Đang gửi','887a83b4-9393-4e86-a035-f53316276ba8','01/05/2021',null),
('75B2-115.81','7b881fc9-3bc7-44ec-b2ea-3f390da66899','216248201463','464257','Xe máy','Đang gửi','887a83b4-9393-4e86-a035-f53316276ba8','01/05/2021',null),
('68R7-944.38','ff498619-dfc1-48ce-85da-63580935a0f7','437236535764','454568','Xe máy','Đang gửi','887a83b4-9393-4e86-a035-f53316276ba8','01/05/2021',null),
('57O5-126.28','b277f903-7660-4502-9efd-88fe413ecd35','678113015692','615821','Xe máy','Đang gửi','887a83b4-9393-4e86-a035-f53316276ba8','01/05/2021',null),
('86L6-525.46','2e87b3e2-a1f6-4e74-90cf-e8d02fd0d281','121771596888','621764','Xe máy','Đang gửi','887a83b4-9393-4e86-a035-f53316276ba8','01/05/2021',null),
('51V2-189.73','2e043906-ea97-4d27-97b2-e94cc591b33d','277699304703','260125','Xe máy','Đang gửi','887a83b4-9393-4e86-a035-f53316276ba8','01/05/2021',null),
('83G8-280.55','f30758f3-aad7-483a-85e5-592a474d3a58','121940598206','894819','Xe máy','Đang gửi','887a83b4-9393-4e86-a035-f53316276ba8','01/05/2021',null),
('80Q5-187.38','8a673d48-916b-42f8-9118-23cc988a5e17','601562756812','789008','Xe máy','Đang gửi','887a83b4-9393-4e86-a035-f53316276ba8','01/05/2021',null),
('97U1-490.46','83ff93fc-287a-4b10-84f0-fc43f6e2676d','686875827716','578206','Xe máy','Đang gửi','887a83b4-9393-4e86-a035-f53316276ba8','01/05/2021',null),
('99L9-912.43','da7ee4a5-8b10-480a-85ff-6858be4c6409','612214881631','241046','Xe máy','Đang gửi','887a83b4-9393-4e86-a035-f53316276ba8','01/05/2021',null),
('87T5-784.93','514ad7e4-309c-4063-9018-4051e6d88478','936667128635','486842','Xe máy','Đang gửi','887a83b4-9393-4e86-a035-f53316276ba8','01/05/2021',null),
('52J6-698.51','877f79dc-99ab-4f04-b65a-a3431c219296','289503354903','883528','Xe máy','Đang gửi','887a83b4-9393-4e86-a035-f53316276ba8','01/05/2021',null),
('11Z4-190.40','f3cd304c-790c-4dbd-969d-59bdea0cf2a3','400841986846','552272','Xe máy','Đang gửi','887a83b4-9393-4e86-a035-f53316276ba8','01/05/2021',null),
('18A-844.59','82b88b54-31a2-4ab5-997e-288144465986','235484629816','174209','Ô tô','Đang gửi','887a83b4-9393-4e86-a035-f53316276ba8','01/05/2021',null),
('72Q-198.18','8c726f03-1711-46a9-8576-5ccb1b884482','671955947532','249763','Ô tô','Đang gửi','887a83b4-9393-4e86-a035-f53316276ba8','01/05/2021',null),
('50O-398.31','dc7a986b-bfcb-43d5-9903-ea2decae364d','919708548000','371095','Ô tô','Đang gửi','887a83b4-9393-4e86-a035-f53316276ba8','01/05/2021',null),
('39S-575.11','7da13665-0a2f-48bd-bfe8-f75361cfeca5','444325059544','185929','Ô tô','Đang gửi','887a83b4-9393-4e86-a035-f53316276ba8','01/05/2021',null),
('63Q-750.40','b3cf5e52-2354-4e4b-8dab-23001eaab396','952712920913','298129','Ô tô','Đang gửi','887a83b4-9393-4e86-a035-f53316276ba8','01/05/2021',null),
('86N-122.28','d58a1a4d-2b93-44c5-8b87-d97498c01c19','764831121342','313960','Ô tô','Đang gửi','887a83b4-9393-4e86-a035-f53316276ba8','01/05/2021',null),
('49M-846.95','01be8ce7-360f-46fa-85d6-0841e7ab952f','664525382553','702350','Ô tô','Đang gửi','887a83b4-9393-4e86-a035-f53316276ba8','01/05/2021',null),
('14Y-991.82','f70c5688-cef0-4aaa-9242-156d6f1abbcd','276343353680','901760','Ô tô','Đang gửi','887a83b4-9393-4e86-a035-f53316276ba8','01/05/2021',null),
('63E-187.03','5d9e4835-14be-4bb3-85e0-ef7374588e4c','815249158817','987000','Ô tô','Đang gửi','887a83b4-9393-4e86-a035-f53316276ba8','01/05/2021',null),
('82A-468.12','8a5c2aba-fe5a-455f-a705-9adebd941ab2','689129225401','210798','Ô tô','Đang gửi','887a83b4-9393-4e86-a035-f53316276ba8','01/05/2021',null),
('17P-594.05','09708e1b-dce8-49c3-9a55-08ca322acd5b','751226061804','305279','Ô tô','Đang gửi','887a83b4-9393-4e86-a035-f53316276ba8','01/05/2021',null),
('31P-927.57','41e83532-43ff-4122-8255-91bc0e0b1355','194114961091','501509','Ô tô','Đang gửi','887a83b4-9393-4e86-a035-f53316276ba8','01/05/2021',null),
('85X-357.24','6ee85ab1-cb69-4c15-99d8-b1a15f33748a','558646061174','289391','Ô tô','Đang gửi','887a83b4-9393-4e86-a035-f53316276ba8','01/05/2021',null),
('60D-670.90','9c8e8c14-68a0-4df1-ae68-3793d9e471c8','774777178575','277263','Ô tô','Đang gửi','887a83b4-9393-4e86-a035-f53316276ba8','01/05/2021',null),
('83W-618.11','4e3ff36c-785d-479c-8a92-2fb2e858fb8e','952044872100','741955','Ô tô','Đang gửi','887a83b4-9393-4e86-a035-f53316276ba8','01/05/2021',null),
('77D-862.78','9211879d-c2de-4b9c-9ca2-8c46fad80ac8','895805051150','167061','Ô tô','Đang gửi','887a83b4-9393-4e86-a035-f53316276ba8','01/05/2021',null),
('67A-174.83','dfc0a7a5-ddb5-4ed1-9404-230f69a876ea','887513940784','115041','Ô tô','Đang gửi','887a83b4-9393-4e86-a035-f53316276ba8','01/05/2021',null),
('94P-139.37','15a762c4-7412-4c21-b277-d891b11833cf','517908061696','961907','Ô tô','Đang gửi','887a83b4-9393-4e86-a035-f53316276ba8','01/05/2021',null),
('33N-392.61','82c5763f-b2d2-4cc3-a8bf-d1f9d85c7e03','864067826229','592145','Ô tô','Đang gửi','887a83b4-9393-4e86-a035-f53316276ba8','01/05/2021',null),
('41U-255.40','812aa740-9f4d-4435-b9f6-206a8cc4aa9d','615140797452','967595','Ô tô','Đang gửi','887a83b4-9393-4e86-a035-f53316276ba8','01/05/2021',null);
--Dữ liệu phiếu thu
insert into receipt(month,year,type,id,apartment_id,staff_id,date,content,total,status)
values
(5,2021,'generate','c4f2aef6-1ca4-4fb5-8d9b-a0419fc3a54a','32b5fe6e-cbf3-41f5-a334-fc3e0a1badde','36da7f77-a614-4fc3-9ba0-3cd016552eed','28/05/2021','Phí chung cư tháng 5/2021',1587000,'Đã thanh toán'),
(5,2021,'generate','05305b26-ce95-445b-b438-f72a8164d136','a3e4a586-2d48-40a6-94b7-28aa47121425','36da7f77-a614-4fc3-9ba0-3cd016552eed','28/05/2021','Phí chung cư tháng 5/2021',1420000,'Đã thanh toán'),
(5,2021,'generate','fb9320f7-c2ee-4bb6-bc71-8eca2c9bc4eb','58a70b6e-5ed8-4473-8ee9-fd12eb00cd4a','36da7f77-a614-4fc3-9ba0-3cd016552eed','28/05/2021','Phí chung cư tháng 5/2021',1486000,'Đã thanh toán'),
(5,2021,'generate','ec0b5b6f-6012-4e47-ad4a-2c67b339f223','79bd9d10-32a0-4bf0-8624-3a385f6faa99','36da7f77-a614-4fc3-9ba0-3cd016552eed','28/05/2021','Phí chung cư tháng 5/2021',1192000,'Đã thanh toán'),
(5,2021,'generate','8df7bb01-060b-421a-b100-b5b20a805b97','6485e53c-8fa9-454c-aaa1-66b5cfd66a93','36da7f77-a614-4fc3-9ba0-3cd016552eed','28/05/2021','Phí chung cư tháng 5/2021',1294000,'Đã thanh toán'),
(5,2021,'generate','d0a3be37-e8e4-40e4-8d51-4ff48f4ee172','815caa48-dc8f-4cf7-8f2b-f63c34601a27','36da7f77-a614-4fc3-9ba0-3cd016552eed','28/05/2021','Phí chung cư tháng 5/2021',1435000,'Đã thanh toán'),
(5,2021,'generate','9837ff50-0c57-4808-bd16-dfc7692398c6','9831a17c-33b3-419e-a799-99b9c595966c','36da7f77-a614-4fc3-9ba0-3cd016552eed','28/05/2021','Phí chung cư tháng 5/2021',1318000,'Đã thanh toán'),
(5,2021,'generate','f66f23ee-eaad-4d73-a30a-5ddc802e8a3e','80414038-c511-4662-ada9-e2f75504b47c','36da7f77-a614-4fc3-9ba0-3cd016552eed','28/05/2021','Phí chung cư tháng 5/2021',1144000,'Đã thanh toán'),
(5,2021,'generate','75cb396b-dc05-460f-b8e7-d4b44cfdb53c','a8e240d7-4825-4729-8520-31cffcc69dd3','36da7f77-a614-4fc3-9ba0-3cd016552eed','28/05/2021','Phí chung cư tháng 5/2021',1300000,'Đã thanh toán'),
(5,2021,'generate','e84bb1f9-25a6-4893-a977-ba171cde2526','4adcfcc3-3a9e-4c82-a69e-b9ee986c74b8','36da7f77-a614-4fc3-9ba0-3cd016552eed','28/05/2021','Phí chung cư tháng 5/2021',1351000,'Đã thanh toán'),
(5,2021,'generate','3b708164-3477-4a98-ad48-1b524612fb80','789aeea4-4f20-4a7c-8fdb-af3bddee6405','36da7f77-a614-4fc3-9ba0-3cd016552eed','28/05/2021','Phí chung cư tháng 5/2021',1327000,'Đã thanh toán'),
(5,2021,'generate','676488e6-5c9b-448d-8c01-99be5330fedf','d61422e7-7a66-4f74-b04d-d603fb36c2d2','36da7f77-a614-4fc3-9ba0-3cd016552eed','28/05/2021','Phí chung cư tháng 5/2021',1333000,'Đã thanh toán'),
(5,2021,'generate','f01cf28e-157b-4430-8d62-ff41407bbcde','7cc41b96-2e38-42a5-8514-58ecc1f89de8','36da7f77-a614-4fc3-9ba0-3cd016552eed','28/05/2021','Phí chung cư tháng 5/2021',1459000,'Đã thanh toán'),
(5,2021,'generate','8dba9d63-b0e5-4b86-958c-f3e25c431193','22f2d7ae-ecaf-4ad3-a1ee-20c1590b1a95','36da7f77-a614-4fc3-9ba0-3cd016552eed','28/05/2021','Phí chung cư tháng 5/2021',1252000,'Đã thanh toán'),
(5,2021,'generate','84116ce0-858a-493f-9c8e-3de2907656ba','cac3d48e-1053-4480-9e38-ecacf0aa216a','36da7f77-a614-4fc3-9ba0-3cd016552eed','28/05/2021','Phí chung cư tháng 5/2021',1309000,'Đã thanh toán'),
(5,2021,'generate','3b71ebe3-d2de-42e9-ab0f-b7d092aa124e','918fdcb3-8f7d-4d02-b577-20928248f7ad','36da7f77-a614-4fc3-9ba0-3cd016552eed','28/05/2021','Phí chung cư tháng 5/2021',1264000,'Đã thanh toán'),
(5,2021,'generate','4d453823-c514-4c1e-aaac-854a9a6f2297','2b742dff-765e-464d-a8cc-7360b9f6290c','36da7f77-a614-4fc3-9ba0-3cd016552eed','28/05/2021','Phí chung cư tháng 5/2021',1300000,'Đã thanh toán'),
(5,2021,'generate','44ef00e9-6a4a-43a9-90df-97fa03037934','c2e3b1dc-4042-48fb-82a6-3524d2cd4a37','36da7f77-a614-4fc3-9ba0-3cd016552eed','28/05/2021','Phí chung cư tháng 5/2021',1363000,'Đã thanh toán'),
(5,2021,'generate','f90fe211-6d8b-4192-846c-3fa698399cb2','f307e667-d072-4617-8e7d-486ec4f3adc2','36da7f77-a614-4fc3-9ba0-3cd016552eed','28/05/2021','Phí chung cư tháng 5/2021',1423000,'Đã thanh toán'),
(5,2021,'generate','7f49f5f9-e86a-4c78-96b3-c053e5b6674d','c079056e-a85c-45a7-b5b4-e0c9c99fea46','36da7f77-a614-4fc3-9ba0-3cd016552eed','28/05/2021','Phí chung cư tháng 5/2021',1435000,'Đã thanh toán'),
(5,2021,'generate','1b9e7bb4-aa27-4e4f-a22e-8be4bf8e511d','f63998b8-68b1-4a38-a823-6a7e5971d08b','36da7f77-a614-4fc3-9ba0-3cd016552eed','28/05/2021','Phí chung cư tháng 5/2021',1354000,'Đã thanh toán'),
(5,2021,'generate','f6ccfb79-cb03-4bf2-9bdd-87dc5a96aef8','1898c2ac-413e-4dd5-bf06-068d16e8cf7e','36da7f77-a614-4fc3-9ba0-3cd016552eed','28/05/2021','Phí chung cư tháng 5/2021',1510000,'Đã thanh toán'),
(5,2021,'generate','62bf236b-092a-482a-8918-6120769c037b','b1e59072-6f62-4f3a-9f0a-9fea92fa2f20','36da7f77-a614-4fc3-9ba0-3cd016552eed','28/05/2021','Phí chung cư tháng 5/2021',1393000,'Đã thanh toán'),
(5,2021,'generate','0c929023-8e77-4b3b-8b20-6bf09b7b4893','3293ce49-4c2d-420f-8228-495c221fd5aa','36da7f77-a614-4fc3-9ba0-3cd016552eed','28/05/2021','Phí chung cư tháng 5/2021',1540000,'Đã thanh toán'),
(5,2021,'generate','b4777c1e-4abe-4c4d-814c-da55ac14658c','6114e532-872c-4101-b9d4-5fb366746df3','36da7f77-a614-4fc3-9ba0-3cd016552eed','28/05/2021','Phí chung cư tháng 5/2021',1207000,'Đã thanh toán'),
(5,2021,'generate','2c71b1c9-1d04-4f6f-bba1-95c2a0cc9a23','3b13c449-2de1-4545-951b-3041b8c545f8','36da7f77-a614-4fc3-9ba0-3cd016552eed','28/05/2021','Phí chung cư tháng 5/2021',1165000,'Đã thanh toán'),
(5,2021,'generate','099394c4-04ae-4a0b-aa35-ea0e0b7720bb','6c31c286-06ec-4f1e-b1eb-5c45573564d8','36da7f77-a614-4fc3-9ba0-3cd016552eed','28/05/2021','Phí chung cư tháng 5/2021',1471000,'Đã thanh toán'),
(5,2021,'generate','b706943c-db7a-4aad-877f-b3becd258f4f','18e32f14-58e2-4768-b51f-4783515dc92e','36da7f77-a614-4fc3-9ba0-3cd016552eed','28/05/2021','Phí chung cư tháng 5/2021',1210000,'Đã thanh toán'),
(5,2021,'generate','3f5a28d4-ff58-47ca-accc-f8d5c5dae21d','3ea295c8-6410-44a0-8303-75bc9170369f','36da7f77-a614-4fc3-9ba0-3cd016552eed','28/05/2021','Phí chung cư tháng 5/2021',1177000,'Đã thanh toán'),
(5,2021,'generate','31b59740-d7e3-4fe7-ad96-9badc69c5f90','569673de-44a5-4b51-b7e0-27a4e21308cc','36da7f77-a614-4fc3-9ba0-3cd016552eed','28/05/2021','Phí chung cư tháng 5/2021',1360000,'Đã thanh toán'),
(5,2021,'generate','1fc52bd0-7e2e-4abd-b2a3-0d2f169f1070','079a5a3d-882d-42cd-9102-bb49eb1eef39','36da7f77-a614-4fc3-9ba0-3cd016552eed','28/05/2021','Phí chung cư tháng 5/2021',1498000,'Đã thanh toán'),
(5,2021,'generate','e5fb220b-893a-496a-a771-85bf392589d4','2299c028-3426-4e23-ab9a-dd6fef0b05c1','36da7f77-a614-4fc3-9ba0-3cd016552eed','28/05/2021','Phí chung cư tháng 5/2021',1384000,'Đã thanh toán'),
(5,2021,'generate','0adfab79-3481-4b4a-9672-1b5e6908a932','f38e482e-c5a2-4d54-9c9a-5f27bb4388eb','36da7f77-a614-4fc3-9ba0-3cd016552eed','28/05/2021','Phí chung cư tháng 5/2021',1444000,'Đã thanh toán'),
(5,2021,'generate','fe3cd145-25a2-4a5e-9d4f-095c9a8eeecc','50bd8a36-5839-42e1-a172-775b2d8cc45d','36da7f77-a614-4fc3-9ba0-3cd016552eed','28/05/2021','Phí chung cư tháng 5/2021',1390000,'Đã thanh toán'),
(5,2021,'generate','3972cd1d-2841-4abe-9256-19eee1503ac1','3a57116b-6e41-4ddb-96c2-3dcd12c1e419','36da7f77-a614-4fc3-9ba0-3cd016552eed','28/05/2021','Phí chung cư tháng 5/2021',1228000,'Đã thanh toán'),
(5,2021,'generate','e00ced0c-cea2-4762-a236-49476af9187d','4203e89b-6e64-414a-bc9e-2999d28ebd78','36da7f77-a614-4fc3-9ba0-3cd016552eed','28/05/2021','Phí chung cư tháng 5/2021',1255000,'Đã thanh toán'),
(5,2021,'generate','84806444-4340-4d3c-9d7a-03fe8d2c2b55','7f05dbc4-6dc7-4c9c-8ef2-c0e85d7a7deb','36da7f77-a614-4fc3-9ba0-3cd016552eed','28/05/2021','Phí chung cư tháng 5/2021',1342000,'Đã thanh toán'),
(5,2021,'generate','ccd08cee-9240-40df-9e9e-56a066d57058','bfddd97f-4576-4ef9-9784-73e2882aae37','36da7f77-a614-4fc3-9ba0-3cd016552eed','28/05/2021','Phí chung cư tháng 5/2021',1447000,'Đã thanh toán'),
(5,2021,'generate','b9807d63-2044-4aed-a2d2-f389819a7259','91b38417-d4e4-4642-97f4-802258a353bc','36da7f77-a614-4fc3-9ba0-3cd016552eed','28/05/2021','Phí chung cư tháng 5/2021',1456000,'Đã thanh toán'),
(5,2021,'generate','b56ff949-4062-4f44-910d-4f39d66d11e5','e01ab005-70d0-42df-84e2-af49789c7e3c','36da7f77-a614-4fc3-9ba0-3cd016552eed','28/05/2021','Phí chung cư tháng 5/2021',1393000,'Đã thanh toán'),
(5,2021,'generate','49648930-89f0-496d-bbd3-c55aa2725319','5dc373d0-f0e0-4810-b80e-00abd20c0c52','36da7f77-a614-4fc3-9ba0-3cd016552eed','28/05/2021','Phí chung cư tháng 5/2021',1288000,'Đã thanh toán'),
(5,2021,'generate','385e3e3d-574a-4564-bfbe-8affd9a367f4','77e94483-f4b1-4f46-a4f7-b167007b8598','36da7f77-a614-4fc3-9ba0-3cd016552eed','28/05/2021','Phí chung cư tháng 5/2021',1333000,'Đã thanh toán'),
(5,2021,'generate','4103d6eb-e80d-4b31-90c8-99114cfff621','9f95b3d7-e417-45db-865c-e0006a584bac','36da7f77-a614-4fc3-9ba0-3cd016552eed','28/05/2021','Phí chung cư tháng 5/2021',1156000,'Đã thanh toán'),
(5,2021,'generate','4517deda-6b1c-442e-8b60-3ff441f6632b','94146c50-7136-4f70-a559-22782f0ca532','36da7f77-a614-4fc3-9ba0-3cd016552eed','28/05/2021','Phí chung cư tháng 5/2021',1468000,'Đã thanh toán'),
(5,2021,'generate','43eaae78-bb72-4249-8aff-2d7411e5a2b4','e2a820b1-570a-4115-8f8a-23d0f51ac611','36da7f77-a614-4fc3-9ba0-3cd016552eed','28/05/2021','Phí chung cư tháng 5/2021',1210000,'Đã thanh toán'),
(5,2021,'generate','fe299300-e220-41ea-96d7-fe018981f2c6','9a24ba4d-13e2-4a25-849f-08c782204e6e','36da7f77-a614-4fc3-9ba0-3cd016552eed','28/05/2021','Phí chung cư tháng 5/2021',1324000,'Đã thanh toán'),
(5,2021,'generate','6ac19d26-4b31-484b-a69c-a0501bc73821','a4ea3e94-9d88-4263-a87a-8c8a249906c5','36da7f77-a614-4fc3-9ba0-3cd016552eed','28/05/2021','Phí chung cư tháng 5/2021',1285000,'Đã thanh toán'),
(5,2021,'generate','98411a0a-8aa3-4b46-85d1-c5437ff592cf','902e1fd6-b456-4a62-a535-e8f5f9cc2295','36da7f77-a614-4fc3-9ba0-3cd016552eed','28/05/2021','Phí chung cư tháng 5/2021',1471000,'Đã thanh toán'),
(5,2021,'generate','e771ebea-4385-4fe7-bd63-9e6c6c3f8103','1117fb59-2744-4eab-adf0-098257248120','36da7f77-a614-4fc3-9ba0-3cd016552eed','28/05/2021','Phí chung cư tháng 5/2021',1204000,'Đã thanh toán'),
(5,2021,'generate','d7951410-b9cb-4716-bb25-17466079543e','22031b39-9364-48b1-96d5-66607c26c4e2','36da7f77-a614-4fc3-9ba0-3cd016552eed','28/05/2021','Phí chung cư tháng 5/2021',1318000,'Đã thanh toán'),
(5,2021,'generate','d4759a35-e988-442b-b6fc-a776b278e360','dbf5031d-028e-4207-b174-3a49a0cb6bf5','36da7f77-a614-4fc3-9ba0-3cd016552eed','28/05/2021','Phí chung cư tháng 5/2021',1285000,'Đã thanh toán'),
(5,2021,'generate','3c176fa4-9fd3-4083-827a-9940e645e3f9','4f2264e6-5f0a-416a-b205-b15e6ba59563','36da7f77-a614-4fc3-9ba0-3cd016552eed','28/05/2021','Phí chung cư tháng 5/2021',1339000,'Đã thanh toán'),
(5,2021,'generate','0b130265-921c-446c-9567-2181704e1d0b','432eb205-cfd5-40c8-b607-378315392ded','36da7f77-a614-4fc3-9ba0-3cd016552eed','28/05/2021','Phí chung cư tháng 5/2021',1192000,'Đã thanh toán'),
(5,2021,'generate','2cdd2026-1717-45d1-acc2-3584c841dd39','aad10a7a-82bf-452f-9f97-762f46db9b55','36da7f77-a614-4fc3-9ba0-3cd016552eed','28/05/2021','Phí chung cư tháng 5/2021',1246000,'Đã thanh toán'),
(5,2021,'generate','26d76ec3-9149-4f6f-bdbd-b6fb785be78c','586563a1-d609-4d1d-8902-d8de0b6528ff','36da7f77-a614-4fc3-9ba0-3cd016552eed','28/05/2021','Phí chung cư tháng 5/2021',1330000,'Đã thanh toán'),
(5,2021,'generate','c013aa79-96f4-4768-befc-1ba578fba292','465988e4-2958-462e-92a6-8673d9ab9617','36da7f77-a614-4fc3-9ba0-3cd016552eed','28/05/2021','Phí chung cư tháng 5/2021',1216000,'Đã thanh toán'),
(5,2021,'generate','ac92d364-ad24-4913-b331-251011ed1ce6','e41aa987-f4fe-47d6-806a-e04d1ff9d0d2','36da7f77-a614-4fc3-9ba0-3cd016552eed','28/05/2021','Phí chung cư tháng 5/2021',1294000,'Đã thanh toán'),
(5,2021,'generate','d6aca178-b0a6-45ed-afd0-cf99ded0bdd9','d057289c-25d2-4f37-b023-8cd0ec6d01c6','36da7f77-a614-4fc3-9ba0-3cd016552eed','28/05/2021','Phí chung cư tháng 5/2021',1420000,'Đã thanh toán'),
(5,2021,'generate','cee04ace-0b26-4050-88ce-65e96115881e','560d209e-1eb9-43e0-b0fe-49eb1409f686','36da7f77-a614-4fc3-9ba0-3cd016552eed','28/05/2021','Phí chung cư tháng 5/2021',1429000,'Đã thanh toán'),
(5,2021,'generate','a04da4ae-b5f8-41b4-ad24-3f9d1ecebfba','87a87011-1a89-4c03-8fda-e13683484808','36da7f77-a614-4fc3-9ba0-3cd016552eed','28/05/2021','Phí chung cư tháng 5/2021',1489000,'Đã thanh toán'),
(5,2021,'generate','5b650d04-52a9-4e32-affe-2bbf3986a536','7b881fc9-3bc7-44ec-b2ea-3f390da66899','36da7f77-a614-4fc3-9ba0-3cd016552eed','28/05/2021','Phí chung cư tháng 5/2021',1528000,'Đã thanh toán'),
(5,2021,'generate','a2d03424-86b5-4126-8211-aedf4cafb344','ff498619-dfc1-48ce-85da-63580935a0f7','36da7f77-a614-4fc3-9ba0-3cd016552eed','28/05/2021','Phí chung cư tháng 5/2021',1525000,'Đã thanh toán'),
(5,2021,'generate','054c9c0a-10f5-47b4-b8a3-e5f05c0a83fd','b277f903-7660-4502-9efd-88fe413ecd35','36da7f77-a614-4fc3-9ba0-3cd016552eed','28/05/2021','Phí chung cư tháng 5/2021',1417000,'Đã thanh toán'),
(5,2021,'generate','6024cbe7-48d3-4202-9619-9793893c523d','2e87b3e2-a1f6-4e74-90cf-e8d02fd0d281','36da7f77-a614-4fc3-9ba0-3cd016552eed','28/05/2021','Phí chung cư tháng 5/2021',1330000,'Đã thanh toán'),
(5,2021,'generate','27d06202-66ff-496d-9202-1f328d36739a','2e043906-ea97-4d27-97b2-e94cc591b33d','36da7f77-a614-4fc3-9ba0-3cd016552eed','28/05/2021','Phí chung cư tháng 5/2021',1249000,'Đã thanh toán'),
(5,2021,'generate','bc60d9ec-2f77-40fd-a784-b2dbba5f9f23','f30758f3-aad7-483a-85e5-592a474d3a58','36da7f77-a614-4fc3-9ba0-3cd016552eed','28/05/2021','Phí chung cư tháng 5/2021',1279000,'Đã thanh toán'),
(5,2021,'generate','2d40cc7a-769e-4eb5-b73b-703caa7a8508','8a673d48-916b-42f8-9118-23cc988a5e17','36da7f77-a614-4fc3-9ba0-3cd016552eed','28/05/2021','Phí chung cư tháng 5/2021',1540000,'Đã thanh toán'),
(5,2021,'generate','92e655fa-b7bb-4952-bdfd-ce0bf6e95213','83ff93fc-287a-4b10-84f0-fc43f6e2676d','36da7f77-a614-4fc3-9ba0-3cd016552eed','28/05/2021','Phí chung cư tháng 5/2021',1222000,'Đã thanh toán'),
(5,2021,'generate','a3abc6e6-6ee6-49ba-9c81-dca72a8b64cd','da7ee4a5-8b10-480a-85ff-6858be4c6409','36da7f77-a614-4fc3-9ba0-3cd016552eed','28/05/2021','Phí chung cư tháng 5/2021',1342000,'Đã thanh toán'),
(5,2021,'generate','58fc0b39-cee4-4f7e-8dd4-6b46e017df6f','514ad7e4-309c-4063-9018-4051e6d88478','36da7f77-a614-4fc3-9ba0-3cd016552eed','28/05/2021','Phí chung cư tháng 5/2021',1189000,'Đã thanh toán'),
(5,2021,'generate','93d8abf4-5ccc-4e99-b73a-18adc4e5f091','877f79dc-99ab-4f04-b65a-a3431c219296','36da7f77-a614-4fc3-9ba0-3cd016552eed','28/05/2021','Phí chung cư tháng 5/2021',1357000,'Đã thanh toán'),
(5,2021,'generate','f4ad9168-3c4b-4502-9d1e-c410ab493e06','f3cd304c-790c-4dbd-969d-59bdea0cf2a3','36da7f77-a614-4fc3-9ba0-3cd016552eed','28/05/2021','Phí chung cư tháng 5/2021',1249000,'Đã thanh toán'),
(5,2021,'generate','9a57125f-33da-482e-bf2c-0170f17b40f7','82b88b54-31a2-4ab5-997e-288144465986','36da7f77-a614-4fc3-9ba0-3cd016552eed','28/05/2021','Phí chung cư tháng 5/2021',1630000,'Đã thanh toán'),
(5,2021,'generate','a58b478f-85f7-4944-9247-d7d900965b2e','8c726f03-1711-46a9-8576-5ccb1b884482','36da7f77-a614-4fc3-9ba0-3cd016552eed','28/05/2021','Phí chung cư tháng 5/2021',1720000,'Đã thanh toán'),
(5,2021,'generate','f5fc1c26-0b4f-472a-9f3f-caa855c88fe0','dc7a986b-bfcb-43d5-9903-ea2decae364d','36da7f77-a614-4fc3-9ba0-3cd016552eed','28/05/2021','Phí chung cư tháng 5/2021',1546000,'Đã thanh toán'),
(5,2021,'generate','2b77a460-2099-4147-a966-33a009b8f9d5','7da13665-0a2f-48bd-bfe8-f75361cfeca5','36da7f77-a614-4fc3-9ba0-3cd016552eed','28/05/2021','Phí chung cư tháng 5/2021',1702000,'Đã thanh toán'),
(5,2021,'generate','624a8572-3e82-4f63-957b-09097399e256','b3cf5e52-2354-4e4b-8dab-23001eaab396','36da7f77-a614-4fc3-9ba0-3cd016552eed','28/05/2021','Phí chung cư tháng 5/2021',1561000,'Đã thanh toán'),
(5,2021,'generate','2e9e679e-2257-4695-9472-5e60cca68340','d58a1a4d-2b93-44c5-8b87-d97498c01c19','36da7f77-a614-4fc3-9ba0-3cd016552eed','28/05/2021','Phí chung cư tháng 5/2021',1804000,'Đã thanh toán'),
(5,2021,'generate','ccaa9cea-8de2-416f-8e0f-98bc9db08383','01be8ce7-360f-46fa-85d6-0841e7ab952f','36da7f77-a614-4fc3-9ba0-3cd016552eed','28/05/2021','Phí chung cư tháng 5/2021',1600000,'Đã thanh toán'),
(5,2021,'generate','10d63863-101a-400f-bc83-eaddefd804cc','f70c5688-cef0-4aaa-9242-156d6f1abbcd','36da7f77-a614-4fc3-9ba0-3cd016552eed','28/05/2021','Phí chung cư tháng 5/2021',1495000,'Đã thanh toán'),
(5,2021,'generate','210af5d7-b6d9-4287-a7bd-260c2143ea73','5d9e4835-14be-4bb3-85e0-ef7374588e4c','36da7f77-a614-4fc3-9ba0-3cd016552eed','28/05/2021','Phí chung cư tháng 5/2021',1726000,'Đã thanh toán'),
(5,2021,'generate','4908e932-bf10-4c30-89f4-f1a95aa17b22','8a5c2aba-fe5a-455f-a705-9adebd941ab2','36da7f77-a614-4fc3-9ba0-3cd016552eed','28/05/2021','Phí chung cư tháng 5/2021',1708000,'Đã thanh toán'),
(5,2021,'generate','a1502f90-7998-47b5-bd93-d8675473bed5','09708e1b-dce8-49c3-9a55-08ca322acd5b','36da7f77-a614-4fc3-9ba0-3cd016552eed','28/05/2021','Phí chung cư tháng 5/2021',1603000,'Đã thanh toán'),
(5,2021,'generate','748cc831-06d6-4a7f-ad1a-5c87147497c1','41e83532-43ff-4122-8255-91bc0e0b1355','36da7f77-a614-4fc3-9ba0-3cd016552eed','28/05/2021','Phí chung cư tháng 5/2021',1750000,'Đã thanh toán'),
(5,2021,'generate','9f042720-0196-4361-a0c3-b6c8dc14be18','6ee85ab1-cb69-4c15-99d8-b1a15f33748a','36da7f77-a614-4fc3-9ba0-3cd016552eed','28/05/2021','Phí chung cư tháng 5/2021',1516000,'Đã thanh toán'),
(5,2021,'generate','5b34cddb-b767-4748-8aaa-ee40093a295a','9c8e8c14-68a0-4df1-ae68-3793d9e471c8','36da7f77-a614-4fc3-9ba0-3cd016552eed','28/05/2021','Phí chung cư tháng 5/2021',1717000,'Đã thanh toán'),
(5,2021,'generate','d9e4450f-c9f5-47ab-9ca4-5ab0748d35f1','4e3ff36c-785d-479c-8a92-2fb2e858fb8e','36da7f77-a614-4fc3-9ba0-3cd016552eed','28/05/2021','Phí chung cư tháng 5/2021',1660000,'Đã thanh toán'),
(5,2021,'generate','70a7486d-87ae-42c1-b6f1-ca2096eb6e35','9211879d-c2de-4b9c-9ca2-8c46fad80ac8','36da7f77-a614-4fc3-9ba0-3cd016552eed','28/05/2021','Phí chung cư tháng 5/2021',1621000,'Đã thanh toán'),
(5,2021,'generate','349ee6d1-2f5d-4cd0-b5b6-00a6db2488ae','dfc0a7a5-ddb5-4ed1-9404-230f69a876ea','36da7f77-a614-4fc3-9ba0-3cd016552eed','28/05/2021','Phí chung cư tháng 5/2021',1753000,'Đã thanh toán'),
(5,2021,'generate','6978ce78-bcdd-4215-acbe-66eff61f67f3','15a762c4-7412-4c21-b277-d891b11833cf','36da7f77-a614-4fc3-9ba0-3cd016552eed','28/05/2021','Phí chung cư tháng 5/2021',1603000,'Đã thanh toán'),
(5,2021,'generate','109afa49-70e7-4008-84b9-47b24c9bc816','82c5763f-b2d2-4cc3-a8bf-d1f9d85c7e03','36da7f77-a614-4fc3-9ba0-3cd016552eed','28/05/2021','Phí chung cư tháng 5/2021',1753000,'Đã thanh toán'),
(5,2021,'generate','e704a14b-6248-4035-9e95-e843c1b91359','812aa740-9f4d-4435-b9f6-206a8cc4aa9d','36da7f77-a614-4fc3-9ba0-3cd016552eed','28/05/2021','Phí chung cư tháng 5/2021',1762000,'Đã thanh toán'),
(5,2021,'generate','8db130a0-4486-4893-9ea7-955d9bd218a5','bc465fff-847f-4654-94c1-7c42e5f76040','36da7f77-a614-4fc3-9ba0-3cd016552eed','28/05/2021','Phí chung cư tháng 5/2021',1097000,'Đã thanh toán'),
(5,2021,'generate','22e75670-ce31-4f1c-a7e6-cbadc063ece0','9312bff5-2649-4d81-9fb0-1e1cf2a576ae','36da7f77-a614-4fc3-9ba0-3cd016552eed','28/05/2021','Phí chung cư tháng 5/2021',992000,'Đã thanh toán'),
(5,2021,'generate','11f892df-6272-4a95-9311-17169ff8e69f','9afb289a-3d3f-41b9-952a-b8b05c4913b9','36da7f77-a614-4fc3-9ba0-3cd016552eed','28/05/2021','Phí chung cư tháng 5/2021',1175000,'Đã thanh toán'),
(5,2021,'generate','e9fd1641-f803-4374-93e4-efec8ceaeea4','8de095f3-3ada-4a43-a39d-f7f8a09bb428','36da7f77-a614-4fc3-9ba0-3cd016552eed','28/05/2021','Phí chung cư tháng 5/2021',959000,'Đã thanh toán'),
(5,2021,'generate','6c0aa088-4259-4652-9679-e451429b710d','2063c992-68ff-4e53-9f46-83d87f7e5f69','36da7f77-a614-4fc3-9ba0-3cd016552eed','28/05/2021','Phí chung cư tháng 5/2021',1097000,'Đã thanh toán'),
(5,2021,'generate','99260117-ff3c-43c7-89f3-84aad4e36902','c357d54f-1b09-4073-a251-ba4f21de6775','36da7f77-a614-4fc3-9ba0-3cd016552eed','28/05/2021','Phí chung cư tháng 5/2021',1055000,'Đã thanh toán'),
(5,2021,'generate','6284935e-06c6-43d7-ad9a-a0dea8986907','bd231bef-fc68-45eb-b0de-3f9293646f22','36da7f77-a614-4fc3-9ba0-3cd016552eed','28/05/2021','Phí chung cư tháng 5/2021',1097000,'Đã thanh toán'),
(5,2021,'generate','fd6107ec-e4cc-45f5-9e60-c82add4fb71f','68ea8647-83cf-4e91-b18b-77e1191d4a3e','36da7f77-a614-4fc3-9ba0-3cd016552eed','28/05/2021','Phí chung cư tháng 5/2021',1214000,'Đã thanh toán'),
(5,2021,'generate','737c29c9-d89a-48af-a690-f636e5d82527','524adcb0-7e54-45d2-89e5-07a13f415542','36da7f77-a614-4fc3-9ba0-3cd016552eed','28/05/2021','Phí chung cư tháng 5/2021',983000,'Đã thanh toán'),
(5,2021,'generate','2a19180b-eb15-4d87-ba86-901782358726','9f79438c-d4b5-4701-9da2-307d8b805078','36da7f77-a614-4fc3-9ba0-3cd016552eed','28/05/2021','Phí chung cư tháng 5/2021',1133000,'Đã thanh toán'),
(5,2021,'generate','95481331-6b09-41b5-ac52-d2b55226a590','75dd3fcb-a9f1-4796-9ad9-cbf85c7beb59','36da7f77-a614-4fc3-9ba0-3cd016552eed','28/05/2021','Phí chung cư tháng 5/2021',1241000,'Đã thanh toán'),
(5,2021,'generate','dfdd968f-49b9-44a4-a33b-1a797d951f4f','dd807a99-b841-4f12-9fe2-0c37fd30871e','36da7f77-a614-4fc3-9ba0-3cd016552eed','28/05/2021','Phí chung cư tháng 5/2021',1088000,'Đã thanh toán'),
(5,2021,'generate','0f30c2b2-bdf1-432d-8c30-c783704e8de8','677b0529-bfbe-431b-a814-cc82bc98eadb','36da7f77-a614-4fc3-9ba0-3cd016552eed','28/05/2021','Phí chung cư tháng 5/2021',962000,'Đã thanh toán'),
(5,2021,'generate','fa30e149-da4c-4c34-a3a3-df825e264319','46adb7af-cca9-410a-9e4b-de30048de4ae','36da7f77-a614-4fc3-9ba0-3cd016552eed','28/05/2021','Phí chung cư tháng 5/2021',1220000,'Đã thanh toán'),
(5,2021,'generate','995b3ed6-b5a3-4975-b2dc-5153145d4f5a','6eb03862-48c3-473f-9e07-83b8eb141a34','36da7f77-a614-4fc3-9ba0-3cd016552eed','28/05/2021','Phí chung cư tháng 5/2021',1157000,'Đã thanh toán'),
(5,2021,'generate','afd3fef4-dd04-4c77-a268-7adbb3fd98b1','0d9fda6d-6526-4f0c-8625-adfed288c192','36da7f77-a614-4fc3-9ba0-3cd016552eed','28/05/2021','Phí chung cư tháng 5/2021',1016000,'Đã thanh toán');

--Dữ liệu chi tiết phiếu thu
insert into receipt_detail(receipt_id,fee_name,price,factor)
values
('c4f2aef6-1ca4-4fb5-8d9b-a0419fc3a54a','Phí quản lý',15000,57),
('05305b26-ce95-445b-b438-f72a8164d136','Phí quản lý',15000,52),
('fb9320f7-c2ee-4bb6-bc71-8eca2c9bc4eb','Phí quản lý',15000,58),
('ec0b5b6f-6012-4e47-ad4a-2c67b339f223','Phí quản lý',15000,40),
('8df7bb01-060b-421a-b100-b5b20a805b97','Phí quản lý',15000,46),
('d0a3be37-e8e4-40e4-8d51-4ff48f4ee172','Phí quản lý',15000,53),
('9837ff50-0c57-4808-bd16-dfc7692398c6','Phí quản lý',15000,46),
('f66f23ee-eaad-4d73-a30a-5ddc802e8a3e','Phí quản lý',15000,40),
('75cb396b-dc05-460f-b8e7-d4b44cfdb53c','Phí quản lý',15000,48),
('e84bb1f9-25a6-4893-a977-ba171cde2526','Phí quản lý',15000,53),
('3b708164-3477-4a98-ad48-1b524612fb80','Phí quản lý',15000,49),
('676488e6-5c9b-448d-8c01-99be5330fedf','Phí quản lý',15000,47),
('f01cf28e-157b-4430-8d62-ff41407bbcde','Phí quản lý',15000,57),
('8dba9d63-b0e5-4b86-958c-f3e25c431193','Phí quản lý',15000,48),
('84116ce0-858a-493f-9c8e-3de2907656ba','Phí quản lý',15000,51),
('3b71ebe3-d2de-42e9-ab0f-b7d092aa124e','Phí quản lý',15000,48),
('4d453823-c514-4c1e-aaac-854a9a6f2297','Phí quản lý',15000,52),
('44ef00e9-6a4a-43a9-90df-97fa03037934','Phí quản lý',15000,53),
('f90fe211-6d8b-4192-846c-3fa698399cb2','Phí quản lý',15000,53),
('7f49f5f9-e86a-4c78-96b3-c053e5b6674d','Phí quản lý',15000,53),
('1b9e7bb4-aa27-4e4f-a22e-8be4bf8e511d','Phí quản lý',15000,50),
('f6ccfb79-cb03-4bf2-9bdd-87dc5a96aef8','Phí quản lý',15000,58),
('62bf236b-092a-482a-8918-6120769c037b','Phí quản lý',15000,55),
('0c929023-8e77-4b3b-8b20-6bf09b7b4893','Phí quản lý',15000,60),
('b4777c1e-4abe-4c4d-814c-da55ac14658c','Phí quản lý',15000,41),
('2c71b1c9-1d04-4f6f-bba1-95c2a0cc9a23','Phí quản lý',15000,43),
('099394c4-04ae-4a0b-aa35-ea0e0b7720bb','Phí quản lý',15000,57),
('b706943c-db7a-4aad-877f-b3becd258f4f','Phí quản lý',15000,42),
('3f5a28d4-ff58-47ca-accc-f8d5c5dae21d','Phí quản lý',15000,43),
('31b59740-d7e3-4fe7-ad96-9badc69c5f90','Phí quản lý',15000,48),
('1fc52bd0-7e2e-4abd-b2a3-0d2f169f1070','Phí quản lý',15000,58),
('e5fb220b-893a-496a-a771-85bf392589d4','Phí quản lý',15000,52),
('0adfab79-3481-4b4a-9672-1b5e6908a932','Phí quản lý',15000,60),
('fe3cd145-25a2-4a5e-9d4f-095c9a8eeecc','Phí quản lý',15000,50),
('3972cd1d-2841-4abe-9256-19eee1503ac1','Phí quản lý',15000,44),
('e00ced0c-cea2-4762-a236-49476af9187d','Phí quản lý',15000,49),
('84806444-4340-4d3c-9d7a-03fe8d2c2b55','Phí quản lý',15000,54),
('ccd08cee-9240-40df-9e9e-56a066d57058','Phí quản lý',15000,57),
('b9807d63-2044-4aed-a2d2-f389819a7259','Phí quản lý',15000,56),
('b56ff949-4062-4f44-910d-4f39d66d11e5','Phí quản lý',15000,55),
('49648930-89f0-496d-bbd3-c55aa2725319','Phí quản lý',15000,44),
('385e3e3d-574a-4564-bfbe-8affd9a367f4','Phí quản lý',15000,51),
('4103d6eb-e80d-4b31-90c8-99114cfff621','Phí quản lý',15000,40),
('4517deda-6b1c-442e-8b60-3ff441f6632b','Phí quản lý',15000,60),
('43eaae78-bb72-4249-8aff-2d7411e5a2b4','Phí quản lý',15000,46),
('fe299300-e220-41ea-96d7-fe018981f2c6','Phí quản lý',15000,52),
('6ac19d26-4b31-484b-a69c-a0501bc73821','Phí quản lý',15000,43),
('98411a0a-8aa3-4b46-85d1-c5437ff592cf','Phí quản lý',15000,57),
('e771ebea-4385-4fe7-bd63-9e6c6c3f8103','Phí quản lý',15000,40),
('d7951410-b9cb-4716-bb25-17466079543e','Phí quản lý',15000,46),
('d4759a35-e988-442b-b6fc-a776b278e360','Phí quản lý',15000,43),
('3c176fa4-9fd3-4083-827a-9940e645e3f9','Phí quản lý',15000,49),
('0b130265-921c-446c-9567-2181704e1d0b','Phí quản lý',15000,40),
('2cdd2026-1717-45d1-acc2-3584c841dd39','Phí quản lý',15000,46),
('26d76ec3-9149-4f6f-bdbd-b6fb785be78c','Phí quản lý',15000,50),
('c013aa79-96f4-4768-befc-1ba578fba292','Phí quản lý',15000,40),
('ac92d364-ad24-4913-b331-251011ed1ce6','Phí quản lý',15000,50),
('d6aca178-b0a6-45ed-afd0-cf99ded0bdd9','Phí quản lý',15000,60),
('cee04ace-0b26-4050-88ce-65e96115881e','Phí quản lý',15000,55),
('a04da4ae-b5f8-41b4-ad24-3f9d1ecebfba','Phí quản lý',15000,59),
('5b650d04-52a9-4e32-affe-2bbf3986a536','Phí quản lý',15000,60),
('a2d03424-86b5-4126-8211-aedf4cafb344','Phí quản lý',15000,59),
('054c9c0a-10f5-47b4-b8a3-e5f05c0a83fd','Phí quản lý',15000,55),
('6024cbe7-48d3-4202-9619-9793893c523d','Phí quản lý',15000,50),
('27d06202-66ff-496d-9202-1f328d36739a','Phí quản lý',15000,43),
('bc60d9ec-2f77-40fd-a784-b2dbba5f9f23','Phí quản lý',15000,49),
('2d40cc7a-769e-4eb5-b73b-703caa7a8508','Phí quản lý',15000,60),
('92e655fa-b7bb-4952-bdfd-ce0bf6e95213','Phí quản lý',15000,46),
('a3abc6e6-6ee6-49ba-9c81-dca72a8b64cd','Phí quản lý',15000,54),
('58fc0b39-cee4-4f7e-8dd4-6b46e017df6f','Phí quản lý',15000,43),
('93d8abf4-5ccc-4e99-b73a-18adc4e5f091','Phí quản lý',15000,55),
('f4ad9168-3c4b-4502-9d1e-c410ab493e06','Phí quản lý',15000,43),
('9a57125f-33da-482e-bf2c-0170f17b40f7','Phí quản lý',15000,46),
('a58b478f-85f7-4944-9247-d7d900965b2e','Phí quản lý',15000,56),
('f5fc1c26-0b4f-472a-9f3f-caa855c88fe0','Phí quản lý',15000,46),
('2b77a460-2099-4147-a966-33a009b8f9d5','Phí quản lý',15000,58),
('624a8572-3e82-4f63-957b-09097399e256','Phí quản lý',15000,47),
('2e9e679e-2257-4695-9472-5e60cca68340','Phí quản lý',15000,60),
('ccaa9cea-8de2-416f-8e0f-98bc9db08383','Phí quản lý',15000,44),
('10d63863-101a-400f-bc83-eaddefd804cc','Phí quản lý',15000,41),
('210af5d7-b6d9-4287-a7bd-260c2143ea73','Phí quản lý',15000,54),
('4908e932-bf10-4c30-89f4-f1a95aa17b22','Phí quản lý',15000,52),
('a1502f90-7998-47b5-bd93-d8675473bed5','Phí quản lý',15000,49),
('748cc831-06d6-4a7f-ad1a-5c87147497c1','Phí quản lý',15000,54),
('9f042720-0196-4361-a0c3-b6c8dc14be18','Phí quản lý',15000,40),
('5b34cddb-b767-4748-8aaa-ee40093a295a','Phí quản lý',15000,59),
('d9e4450f-c9f5-47ab-9ca4-5ab0748d35f1','Phí quản lý',15000,52),
('70a7486d-87ae-42c1-b6f1-ca2096eb6e35','Phí quản lý',15000,47),
('349ee6d1-2f5d-4cd0-b5b6-00a6db2488ae','Phí quản lý',15000,59),
('6978ce78-bcdd-4215-acbe-66eff61f67f3','Phí quản lý',15000,49),
('109afa49-70e7-4008-84b9-47b24c9bc816','Phí quản lý',15000,55),
('e704a14b-6248-4035-9e95-e843c1b91359','Phí quản lý',15000,58),
('8db130a0-4486-4893-9ea7-955d9bd218a5','Phí quản lý',15000,51),
('22e75670-ce31-4f1c-a7e6-cbadc063ece0','Phí quản lý',15000,40),
('11f892df-6272-4a95-9311-17169ff8e69f','Phí quản lý',15000,53),
('e9fd1641-f803-4374-93e4-efec8ceaeea4','Phí quản lý',15000,41),
('6c0aa088-4259-4652-9679-e451429b710d','Phí quản lý',15000,51),
('99260117-ff3c-43c7-89f3-84aad4e36902','Phí quản lý',15000,49),
('6284935e-06c6-43d7-ad9a-a0dea8986907','Phí quản lý',15000,47),
('fd6107ec-e4cc-45f5-9e60-c82add4fb71f','Phí quản lý',15000,54),
('737c29c9-d89a-48af-a690-f636e5d82527','Phí quản lý',15000,41),
('2a19180b-eb15-4d87-ba86-901782358726','Phí quản lý',15000,51),
('95481331-6b09-41b5-ac52-d2b55226a590','Phí quản lý',15000,55),
('dfdd968f-49b9-44a4-a33b-1a797d951f4f','Phí quản lý',15000,44),
('0f30c2b2-bdf1-432d-8c30-c783704e8de8','Phí quản lý',15000,42),
('fa30e149-da4c-4c34-a3a3-df825e264319','Phí quản lý',15000,56),
('995b3ed6-b5a3-4975-b2dc-5153145d4f5a','Phí quản lý',15000,51),
('afd3fef4-dd04-4c77-a268-7adbb3fd98b1','Phí quản lý',15000,40),
('c4f2aef6-1ca4-4fb5-8d9b-a0419fc3a54a','Phí gửi xe máy/tháng',200000,2),
('05305b26-ce95-445b-b438-f72a8164d136','Phí gửi xe máy/tháng',200000,2),
('fb9320f7-c2ee-4bb6-bc71-8eca2c9bc4eb','Phí gửi xe máy/tháng',200000,2),
('ec0b5b6f-6012-4e47-ad4a-2c67b339f223','Phí gửi xe máy/tháng',200000,2),
('8df7bb01-060b-421a-b100-b5b20a805b97','Phí gửi xe máy/tháng',200000,2),
('d0a3be37-e8e4-40e4-8d51-4ff48f4ee172','Phí gửi xe máy/tháng',200000,2),
('9837ff50-0c57-4808-bd16-dfc7692398c6','Phí gửi xe máy/tháng',200000,2),
('f66f23ee-eaad-4d73-a30a-5ddc802e8a3e','Phí gửi xe máy/tháng',200000,2),
('75cb396b-dc05-460f-b8e7-d4b44cfdb53c','Phí gửi xe máy/tháng',200000,2),
('e84bb1f9-25a6-4893-a977-ba171cde2526','Phí gửi xe máy/tháng',200000,2),
('3b708164-3477-4a98-ad48-1b524612fb80','Phí gửi xe máy/tháng',200000,2),
('676488e6-5c9b-448d-8c01-99be5330fedf','Phí gửi xe máy/tháng',200000,2),
('f01cf28e-157b-4430-8d62-ff41407bbcde','Phí gửi xe máy/tháng',200000,2),
('8dba9d63-b0e5-4b86-958c-f3e25c431193','Phí gửi xe máy/tháng',200000,2),
('84116ce0-858a-493f-9c8e-3de2907656ba','Phí gửi xe máy/tháng',200000,2),
('3b71ebe3-d2de-42e9-ab0f-b7d092aa124e','Phí gửi xe máy/tháng',200000,2),
('4d453823-c514-4c1e-aaac-854a9a6f2297','Phí gửi xe máy/tháng',200000,2),
('44ef00e9-6a4a-43a9-90df-97fa03037934','Phí gửi xe máy/tháng',200000,2),
('f90fe211-6d8b-4192-846c-3fa698399cb2','Phí gửi xe máy/tháng',200000,2),
('7f49f5f9-e86a-4c78-96b3-c053e5b6674d','Phí gửi xe máy/tháng',200000,2),
('1b9e7bb4-aa27-4e4f-a22e-8be4bf8e511d','Phí gửi xe máy/tháng',200000,2),
('f6ccfb79-cb03-4bf2-9bdd-87dc5a96aef8','Phí gửi xe máy/tháng',200000,2),
('62bf236b-092a-482a-8918-6120769c037b','Phí gửi xe máy/tháng',200000,2),
('0c929023-8e77-4b3b-8b20-6bf09b7b4893','Phí gửi xe máy/tháng',200000,2),
('b4777c1e-4abe-4c4d-814c-da55ac14658c','Phí gửi xe máy/tháng',200000,2),
('2c71b1c9-1d04-4f6f-bba1-95c2a0cc9a23','Phí gửi xe máy/tháng',200000,2),
('099394c4-04ae-4a0b-aa35-ea0e0b7720bb','Phí gửi xe máy/tháng',200000,2),
('b706943c-db7a-4aad-877f-b3becd258f4f','Phí gửi xe máy/tháng',200000,2),
('3f5a28d4-ff58-47ca-accc-f8d5c5dae21d','Phí gửi xe máy/tháng',200000,2),
('31b59740-d7e3-4fe7-ad96-9badc69c5f90','Phí gửi xe máy/tháng',200000,2),
('1fc52bd0-7e2e-4abd-b2a3-0d2f169f1070','Phí gửi xe máy/tháng',200000,2),
('e5fb220b-893a-496a-a771-85bf392589d4','Phí gửi xe máy/tháng',200000,2),
('0adfab79-3481-4b4a-9672-1b5e6908a932','Phí gửi xe máy/tháng',200000,2),
('fe3cd145-25a2-4a5e-9d4f-095c9a8eeecc','Phí gửi xe máy/tháng',200000,2),
('3972cd1d-2841-4abe-9256-19eee1503ac1','Phí gửi xe máy/tháng',200000,2),
('e00ced0c-cea2-4762-a236-49476af9187d','Phí gửi xe máy/tháng',200000,2),
('84806444-4340-4d3c-9d7a-03fe8d2c2b55','Phí gửi xe máy/tháng',200000,2),
('ccd08cee-9240-40df-9e9e-56a066d57058','Phí gửi xe máy/tháng',200000,2),
('b9807d63-2044-4aed-a2d2-f389819a7259','Phí gửi xe máy/tháng',200000,2),
('b56ff949-4062-4f44-910d-4f39d66d11e5','Phí gửi xe máy/tháng',200000,2),
('49648930-89f0-496d-bbd3-c55aa2725319','Phí gửi xe máy/tháng',200000,2),
('385e3e3d-574a-4564-bfbe-8affd9a367f4','Phí gửi xe máy/tháng',200000,2),
('4103d6eb-e80d-4b31-90c8-99114cfff621','Phí gửi xe máy/tháng',200000,2),
('4517deda-6b1c-442e-8b60-3ff441f6632b','Phí gửi xe máy/tháng',200000,2),
('43eaae78-bb72-4249-8aff-2d7411e5a2b4','Phí gửi xe máy/tháng',200000,2),
('fe299300-e220-41ea-96d7-fe018981f2c6','Phí gửi xe máy/tháng',200000,2),
('6ac19d26-4b31-484b-a69c-a0501bc73821','Phí gửi xe máy/tháng',200000,2),
('98411a0a-8aa3-4b46-85d1-c5437ff592cf','Phí gửi xe máy/tháng',200000,2),
('e771ebea-4385-4fe7-bd63-9e6c6c3f8103','Phí gửi xe máy/tháng',200000,2),
('d7951410-b9cb-4716-bb25-17466079543e','Phí gửi xe máy/tháng',200000,2),
('d4759a35-e988-442b-b6fc-a776b278e360','Phí gửi xe máy/tháng',200000,2),
('3c176fa4-9fd3-4083-827a-9940e645e3f9','Phí gửi xe máy/tháng',200000,2),
('0b130265-921c-446c-9567-2181704e1d0b','Phí gửi xe máy/tháng',200000,2),
('2cdd2026-1717-45d1-acc2-3584c841dd39','Phí gửi xe máy/tháng',200000,2),
('26d76ec3-9149-4f6f-bdbd-b6fb785be78c','Phí gửi xe máy/tháng',200000,2),
('c013aa79-96f4-4768-befc-1ba578fba292','Phí gửi xe máy/tháng',200000,2),
('ac92d364-ad24-4913-b331-251011ed1ce6','Phí gửi xe máy/tháng',200000,2),
('d6aca178-b0a6-45ed-afd0-cf99ded0bdd9','Phí gửi xe máy/tháng',200000,2),
('cee04ace-0b26-4050-88ce-65e96115881e','Phí gửi xe máy/tháng',200000,2),
('a04da4ae-b5f8-41b4-ad24-3f9d1ecebfba','Phí gửi xe máy/tháng',200000,2),
('5b650d04-52a9-4e32-affe-2bbf3986a536','Phí gửi xe máy/tháng',200000,2),
('a2d03424-86b5-4126-8211-aedf4cafb344','Phí gửi xe máy/tháng',200000,2),
('054c9c0a-10f5-47b4-b8a3-e5f05c0a83fd','Phí gửi xe máy/tháng',200000,2),
('6024cbe7-48d3-4202-9619-9793893c523d','Phí gửi xe máy/tháng',200000,2),
('27d06202-66ff-496d-9202-1f328d36739a','Phí gửi xe máy/tháng',200000,2),
('bc60d9ec-2f77-40fd-a784-b2dbba5f9f23','Phí gửi xe máy/tháng',200000,2),
('2d40cc7a-769e-4eb5-b73b-703caa7a8508','Phí gửi xe máy/tháng',200000,2),
('92e655fa-b7bb-4952-bdfd-ce0bf6e95213','Phí gửi xe máy/tháng',200000,2),
('a3abc6e6-6ee6-49ba-9c81-dca72a8b64cd','Phí gửi xe máy/tháng',200000,2),
('58fc0b39-cee4-4f7e-8dd4-6b46e017df6f','Phí gửi xe máy/tháng',200000,2),
('93d8abf4-5ccc-4e99-b73a-18adc4e5f091','Phí gửi xe máy/tháng',200000,2),
('f4ad9168-3c4b-4502-9d1e-c410ab493e06','Phí gửi xe máy/tháng',200000,2),
('9a57125f-33da-482e-bf2c-0170f17b40f7','Phí gửi xe máy/tháng',200000,1),
('a58b478f-85f7-4944-9247-d7d900965b2e','Phí gửi xe máy/tháng',200000,1),
('f5fc1c26-0b4f-472a-9f3f-caa855c88fe0','Phí gửi xe máy/tháng',200000,1),
('2b77a460-2099-4147-a966-33a009b8f9d5','Phí gửi xe máy/tháng',200000,1),
('624a8572-3e82-4f63-957b-09097399e256','Phí gửi xe máy/tháng',200000,1),
('2e9e679e-2257-4695-9472-5e60cca68340','Phí gửi xe máy/tháng',200000,1),
('ccaa9cea-8de2-416f-8e0f-98bc9db08383','Phí gửi xe máy/tháng',200000,1),
('10d63863-101a-400f-bc83-eaddefd804cc','Phí gửi xe máy/tháng',200000,1),
('210af5d7-b6d9-4287-a7bd-260c2143ea73','Phí gửi xe máy/tháng',200000,1),
('4908e932-bf10-4c30-89f4-f1a95aa17b22','Phí gửi xe máy/tháng',200000,1),
('a1502f90-7998-47b5-bd93-d8675473bed5','Phí gửi xe máy/tháng',200000,1),
('748cc831-06d6-4a7f-ad1a-5c87147497c1','Phí gửi xe máy/tháng',200000,1),
('9f042720-0196-4361-a0c3-b6c8dc14be18','Phí gửi xe máy/tháng',200000,1),
('5b34cddb-b767-4748-8aaa-ee40093a295a','Phí gửi xe máy/tháng',200000,1),
('d9e4450f-c9f5-47ab-9ca4-5ab0748d35f1','Phí gửi xe máy/tháng',200000,1),
('70a7486d-87ae-42c1-b6f1-ca2096eb6e35','Phí gửi xe máy/tháng',200000,1),
('349ee6d1-2f5d-4cd0-b5b6-00a6db2488ae','Phí gửi xe máy/tháng',200000,1),
('6978ce78-bcdd-4215-acbe-66eff61f67f3','Phí gửi xe máy/tháng',200000,1),
('109afa49-70e7-4008-84b9-47b24c9bc816','Phí gửi xe máy/tháng',200000,1),
('e704a14b-6248-4035-9e95-e843c1b91359','Phí gửi xe máy/tháng',200000,1),
('8db130a0-4486-4893-9ea7-955d9bd218a5','Phí gửi xe máy/tháng',200000,1),
('22e75670-ce31-4f1c-a7e6-cbadc063ece0','Phí gửi xe máy/tháng',200000,1),
('11f892df-6272-4a95-9311-17169ff8e69f','Phí gửi xe máy/tháng',200000,1),
('e9fd1641-f803-4374-93e4-efec8ceaeea4','Phí gửi xe máy/tháng',200000,1),
('6c0aa088-4259-4652-9679-e451429b710d','Phí gửi xe máy/tháng',200000,1),
('99260117-ff3c-43c7-89f3-84aad4e36902','Phí gửi xe máy/tháng',200000,1),
('6284935e-06c6-43d7-ad9a-a0dea8986907','Phí gửi xe máy/tháng',200000,1),
('fd6107ec-e4cc-45f5-9e60-c82add4fb71f','Phí gửi xe máy/tháng',200000,1),
('737c29c9-d89a-48af-a690-f636e5d82527','Phí gửi xe máy/tháng',200000,1),
('2a19180b-eb15-4d87-ba86-901782358726','Phí gửi xe máy/tháng',200000,1),
('95481331-6b09-41b5-ac52-d2b55226a590','Phí gửi xe máy/tháng',200000,1),
('dfdd968f-49b9-44a4-a33b-1a797d951f4f','Phí gửi xe máy/tháng',200000,1),
('0f30c2b2-bdf1-432d-8c30-c783704e8de8','Phí gửi xe máy/tháng',200000,1),
('fa30e149-da4c-4c34-a3a3-df825e264319','Phí gửi xe máy/tháng',200000,1),
('995b3ed6-b5a3-4975-b2dc-5153145d4f5a','Phí gửi xe máy/tháng',200000,1),
('afd3fef4-dd04-4c77-a268-7adbb3fd98b1','Phí gửi xe máy/tháng',200000,1),
('9a57125f-33da-482e-bf2c-0170f17b40f7','Phí gửi xe ô tô',500000,1),
('a58b478f-85f7-4944-9247-d7d900965b2e','Phí gửi xe ô tô',500000,1),
('f5fc1c26-0b4f-472a-9f3f-caa855c88fe0','Phí gửi xe ô tô',500000,1),
('2b77a460-2099-4147-a966-33a009b8f9d5','Phí gửi xe ô tô',500000,1),
('624a8572-3e82-4f63-957b-09097399e256','Phí gửi xe ô tô',500000,1),
('2e9e679e-2257-4695-9472-5e60cca68340','Phí gửi xe ô tô',500000,1),
('ccaa9cea-8de2-416f-8e0f-98bc9db08383','Phí gửi xe ô tô',500000,1),
('10d63863-101a-400f-bc83-eaddefd804cc','Phí gửi xe ô tô',500000,1),
('210af5d7-b6d9-4287-a7bd-260c2143ea73','Phí gửi xe ô tô',500000,1),
('4908e932-bf10-4c30-89f4-f1a95aa17b22','Phí gửi xe ô tô',500000,1),
('a1502f90-7998-47b5-bd93-d8675473bed5','Phí gửi xe ô tô',500000,1),
('748cc831-06d6-4a7f-ad1a-5c87147497c1','Phí gửi xe ô tô',500000,1),
('9f042720-0196-4361-a0c3-b6c8dc14be18','Phí gửi xe ô tô',500000,1),
('5b34cddb-b767-4748-8aaa-ee40093a295a','Phí gửi xe ô tô',500000,1),
('d9e4450f-c9f5-47ab-9ca4-5ab0748d35f1','Phí gửi xe ô tô',500000,1),
('70a7486d-87ae-42c1-b6f1-ca2096eb6e35','Phí gửi xe ô tô',500000,1),
('349ee6d1-2f5d-4cd0-b5b6-00a6db2488ae','Phí gửi xe ô tô',500000,1),
('6978ce78-bcdd-4215-acbe-66eff61f67f3','Phí gửi xe ô tô',500000,1),
('109afa49-70e7-4008-84b9-47b24c9bc816','Phí gửi xe ô tô',500000,1),
('e704a14b-6248-4035-9e95-e843c1b91359','Phí gửi xe ô tô',500000,1),
('c4f2aef6-1ca4-4fb5-8d9b-a0419fc3a54a','Tiền nước',12000,11),
('05305b26-ce95-445b-b438-f72a8164d136','Tiền nước',12000,20),
('fb9320f7-c2ee-4bb6-bc71-8eca2c9bc4eb','Tiền nước',12000,18),
('ec0b5b6f-6012-4e47-ad4a-2c67b339f223','Tiền nước',12000,16),
('8df7bb01-060b-421a-b100-b5b20a805b97','Tiền nước',12000,17),
('d0a3be37-e8e4-40e4-8d51-4ff48f4ee172','Tiền nước',12000,20),
('9837ff50-0c57-4808-bd16-dfc7692398c6','Tiền nước',12000,19),
('f66f23ee-eaad-4d73-a30a-5ddc802e8a3e','Tiền nước',12000,12),
('75cb396b-dc05-460f-b8e7-d4b44cfdb53c','Tiền nước',12000,15),
('e84bb1f9-25a6-4893-a977-ba171cde2526','Tiền nước',12000,13),
('3b708164-3477-4a98-ad48-1b524612fb80','Tiền nước',12000,16),
('676488e6-5c9b-448d-8c01-99be5330fedf','Tiền nước',12000,19),
('f01cf28e-157b-4430-8d62-ff41407bbcde','Tiền nước',12000,17),
('8dba9d63-b0e5-4b86-958c-f3e25c431193','Tiền nước',12000,11),
('84116ce0-858a-493f-9c8e-3de2907656ba','Tiền nước',12000,12),
('3b71ebe3-d2de-42e9-ab0f-b7d092aa124e','Tiền nước',12000,12),
('4d453823-c514-4c1e-aaac-854a9a6f2297','Tiền nước',12000,10),
('44ef00e9-6a4a-43a9-90df-97fa03037934','Tiền nước',12000,14),
('f90fe211-6d8b-4192-846c-3fa698399cb2','Tiền nước',12000,19),
('7f49f5f9-e86a-4c78-96b3-c053e5b6674d','Tiền nước',12000,20),
('1b9e7bb4-aa27-4e4f-a22e-8be4bf8e511d','Tiền nước',12000,17),
('f6ccfb79-cb03-4bf2-9bdd-87dc5a96aef8','Tiền nước',12000,20),
('62bf236b-092a-482a-8918-6120769c037b','Tiền nước',12000,14),
('0c929023-8e77-4b3b-8b20-6bf09b7b4893','Tiền nước',12000,20),
('b4777c1e-4abe-4c4d-814c-da55ac14658c','Tiền nước',12000,16),
('2c71b1c9-1d04-4f6f-bba1-95c2a0cc9a23','Tiền nước',12000,10),
('099394c4-04ae-4a0b-aa35-ea0e0b7720bb','Tiền nước',12000,18),
('b706943c-db7a-4aad-877f-b3becd258f4f','Tiền nước',12000,15),
('3f5a28d4-ff58-47ca-accc-f8d5c5dae21d','Tiền nước',12000,11),
('31b59740-d7e3-4fe7-ad96-9badc69c5f90','Tiền nước',12000,20),
('1fc52bd0-7e2e-4abd-b2a3-0d2f169f1070','Tiền nước',12000,19),
('e5fb220b-893a-496a-a771-85bf392589d4','Tiền nước',12000,17),
('0adfab79-3481-4b4a-9672-1b5e6908a932','Tiền nước',12000,12),
('fe3cd145-25a2-4a5e-9d4f-095c9a8eeecc','Tiền nước',12000,20),
('3972cd1d-2841-4abe-9256-19eee1503ac1','Tiền nước',12000,14),
('e00ced0c-cea2-4762-a236-49476af9187d','Tiền nước',12000,10),
('84806444-4340-4d3c-9d7a-03fe8d2c2b55','Tiền nước',12000,11),
('ccd08cee-9240-40df-9e9e-56a066d57058','Tiền nước',12000,16),
('b9807d63-2044-4aed-a2d2-f389819a7259','Tiền nước',12000,18),
('b56ff949-4062-4f44-910d-4f39d66d11e5','Tiền nước',12000,14),
('49648930-89f0-496d-bbd3-c55aa2725319','Tiền nước',12000,19),
('385e3e3d-574a-4564-bfbe-8affd9a367f4','Tiền nước',12000,14),
('4103d6eb-e80d-4b31-90c8-99114cfff621','Tiền nước',12000,13),
('4517deda-6b1c-442e-8b60-3ff441f6632b','Tiền nước',12000,14),
('43eaae78-bb72-4249-8aff-2d7411e5a2b4','Tiền nước',12000,10),
('fe299300-e220-41ea-96d7-fe018981f2c6','Tiền nước',12000,12),
('6ac19d26-4b31-484b-a69c-a0501bc73821','Tiền nước',12000,20),
('98411a0a-8aa3-4b46-85d1-c5437ff592cf','Tiền nước',12000,18),
('e771ebea-4385-4fe7-bd63-9e6c6c3f8103','Tiền nước',12000,17),
('d7951410-b9cb-4716-bb25-17466079543e','Tiền nước',12000,19),
('d4759a35-e988-442b-b6fc-a776b278e360','Tiền nước',12000,20),
('3c176fa4-9fd3-4083-827a-9940e645e3f9','Tiền nước',12000,17),
('0b130265-921c-446c-9567-2181704e1d0b','Tiền nước',12000,16),
('2cdd2026-1717-45d1-acc2-3584c841dd39','Tiền nước',12000,13),
('26d76ec3-9149-4f6f-bdbd-b6fb785be78c','Tiền nước',12000,15),
('c013aa79-96f4-4768-befc-1ba578fba292','Tiền nước',12000,18),
('ac92d364-ad24-4913-b331-251011ed1ce6','Tiền nước',12000,12),
('d6aca178-b0a6-45ed-afd0-cf99ded0bdd9','Tiền nước',12000,10),
('cee04ace-0b26-4050-88ce-65e96115881e','Tiền nước',12000,17),
('a04da4ae-b5f8-41b4-ad24-3f9d1ecebfba','Tiền nước',12000,17),
('5b650d04-52a9-4e32-affe-2bbf3986a536','Tiền nước',12000,19),
('a2d03424-86b5-4126-8211-aedf4cafb344','Tiền nước',12000,20),
('054c9c0a-10f5-47b4-b8a3-e5f05c0a83fd','Tiền nước',12000,16),
('6024cbe7-48d3-4202-9619-9793893c523d','Tiền nước',12000,15),
('27d06202-66ff-496d-9202-1f328d36739a','Tiền nước',12000,17),
('bc60d9ec-2f77-40fd-a784-b2dbba5f9f23','Tiền nước',12000,12),
('2d40cc7a-769e-4eb5-b73b-703caa7a8508','Tiền nước',12000,20),
('92e655fa-b7bb-4952-bdfd-ce0bf6e95213','Tiền nước',12000,11),
('a3abc6e6-6ee6-49ba-9c81-dca72a8b64cd','Tiền nước',12000,11),
('58fc0b39-cee4-4f7e-8dd4-6b46e017df6f','Tiền nước',12000,12),
('93d8abf4-5ccc-4e99-b73a-18adc4e5f091','Tiền nước',12000,11),
('f4ad9168-3c4b-4502-9d1e-c410ab493e06','Tiền nước',12000,17),
('9a57125f-33da-482e-bf2c-0170f17b40f7','Tiền nước',12000,20),
('a58b478f-85f7-4944-9247-d7d900965b2e','Tiền nước',12000,15),
('f5fc1c26-0b4f-472a-9f3f-caa855c88fe0','Tiền nước',12000,13),
('2b77a460-2099-4147-a966-33a009b8f9d5','Tiền nước',12000,11),
('624a8572-3e82-4f63-957b-09097399e256','Tiền nước',12000,13),
('2e9e679e-2257-4695-9472-5e60cca68340','Tiền nước',12000,17),
('ccaa9cea-8de2-416f-8e0f-98bc9db08383','Tiền nước',12000,20),
('10d63863-101a-400f-bc83-eaddefd804cc','Tiền nước',12000,15),
('210af5d7-b6d9-4287-a7bd-260c2143ea73','Tiền nước',12000,18),
('4908e932-bf10-4c30-89f4-f1a95aa17b22','Tiền nước',12000,19),
('a1502f90-7998-47b5-bd93-d8675473bed5','Tiền nước',12000,14),
('748cc831-06d6-4a7f-ad1a-5c87147497c1','Tiền nước',12000,20),
('9f042720-0196-4361-a0c3-b6c8dc14be18','Tiền nước',12000,18),
('5b34cddb-b767-4748-8aaa-ee40093a295a','Tiền nước',12000,11),
('d9e4450f-c9f5-47ab-9ca4-5ab0748d35f1','Tiền nước',12000,15),
('70a7486d-87ae-42c1-b6f1-ca2096eb6e35','Tiền nước',12000,18),
('349ee6d1-2f5d-4cd0-b5b6-00a6db2488ae','Tiền nước',12000,14),
('6978ce78-bcdd-4215-acbe-66eff61f67f3','Tiền nước',12000,14),
('109afa49-70e7-4008-84b9-47b24c9bc816','Tiền nước',12000,19),
('e704a14b-6248-4035-9e95-e843c1b91359','Tiền nước',12000,16),
('8db130a0-4486-4893-9ea7-955d9bd218a5','Tiền nước',12000,11),
('22e75670-ce31-4f1c-a7e6-cbadc063ece0','Tiền nước',12000,16),
('11f892df-6272-4a95-9311-17169ff8e69f','Tiền nước',12000,15),
('e9fd1641-f803-4374-93e4-efec8ceaeea4','Tiền nước',12000,12),
('6c0aa088-4259-4652-9679-e451429b710d','Tiền nước',12000,11),
('99260117-ff3c-43c7-89f3-84aad4e36902','Tiền nước',12000,10),
('6284935e-06c6-43d7-ad9a-a0dea8986907','Tiền nước',12000,16),
('fd6107ec-e4cc-45f5-9e60-c82add4fb71f','Tiền nước',12000,17),
('737c29c9-d89a-48af-a690-f636e5d82527','Tiền nước',12000,14),
('2a19180b-eb15-4d87-ba86-901782358726','Tiền nước',12000,14),
('95481331-6b09-41b5-ac52-d2b55226a590','Tiền nước',12000,18),
('dfdd968f-49b9-44a4-a33b-1a797d951f4f','Tiền nước',12000,19),
('0f30c2b2-bdf1-432d-8c30-c783704e8de8','Tiền nước',12000,11),
('fa30e149-da4c-4c34-a3a3-df825e264319','Tiền nước',12000,15),
('995b3ed6-b5a3-4975-b2dc-5153145d4f5a','Tiền nước',12000,16),
('afd3fef4-dd04-4c77-a268-7adbb3fd98b1','Tiền nước',12000,18),
('c4f2aef6-1ca4-4fb5-8d9b-a0419fc3a54a','Phí tổ chức sự kiện',200000,1),
('05305b26-ce95-445b-b438-f72a8164d136','Phí tổ chức sự kiện',200000,1),
('9837ff50-0c57-4808-bd16-dfc7692398c6','Phí tổ chức sự kiện',200000,1),
('a04da4ae-b5f8-41b4-ad24-3f9d1ecebfba','Phí tổ chức sự kiện',200000,1),
('5b650d04-52a9-4e32-affe-2bbf3986a536','Phí tổ chức sự kiện',200000,1),
('a2d03424-86b5-4126-8211-aedf4cafb344','Phí tổ chức sự kiện',200000,1);

--Dữ liệu phiếu chi
insert into payslip(id,staff_id,date,content,total,status)
values
('40f177c2-c335-44d7-803a-e5f0bb43dcf6','36da7f77-a614-4fc3-9ba0-3cd016552eed','05/05/2021','Mua bóng đèn',500000,'Đã lưu'),
('61a50a43-f17f-411f-b5b0-103d407f44b4','36da7f77-a614-4fc3-9ba0-3cd016552eed','12/05/2021','Mua văn phòng phẩm',1200000,'Đã lưu'),
('d8f36c23-6f05-41e2-b333-ce78bf38361f','36da7f77-a614-4fc3-9ba0-3cd016552eed','28/05/2021','Tổ chức tiệc vui chơi cho nhân viên',5000000,'Đã lưu'),
('f163a8dd-6c4b-4e2a-931b-ef35628ee63b','36da7f77-a614-4fc3-9ba0-3cd016552eed','30/03/2021','Mua thiết bị PCCC',12400000,'Đã lưu'),
('b5fa7d16-26c9-498f-a246-ff4a19b7044e','36da7f77-a614-4fc3-9ba0-3cd016552eed','10/05/2021','Mua đồ trang trí sảnh',1250000,'Đã lưu');

--Dữ liệu thông báo
insert into notification(staff_id,date,title,content,attachment,status)
values
('dba11be3-810c-4325-8748-dca56e93e09c','30/01/2021','Tiệc tất niên tòa nhà cho cư dân','Thông báo tổ chức tiệc tất niên cho cư dân vào thời gian 3/2/2021','','Đã đăng'),
('dba11be3-810c-4325-8748-dca56e93e09c',null,'Thông báo cập nhật thông tin trên trang web','','','Chưa đăng'),
('dba11be3-810c-4325-8748-dca56e93e09c',null,'Thông báo mẫu','','','Chưa đăng'),
('dba11be3-810c-4325-8748-dca56e93e09c','07/05/2021','v/v Thông báo lịch bảo trì hệ thống thang máy tháng 5/2021','Vào ngày 8/5/2021 BQL sẽ tiến hành bảo trì thang máy tòa A, thời gian từ 8:00-11:00, Cư dân lưu ý để sắp xếp đi lại phù hợp. Xin quý cư dân thông cảm vì sự bất tiện này.','','Đã đăng'),
('dba11be3-810c-4325-8748-dca56e93e09c','08/05/2021','Thông báo phí dịch vụ tháng 4/2021','Kính gửi quý cư dân, hiện đã có thông tin phí dịch vụ tháng 4/2021 trên hệ thống. Quý cư dân vui lòng xem thông tin và thực hiện thanh toán. Trân trọng.','','Đã đăng');

--Dữ liệu đơn nghỉ phép
insert into absence(staff_id,approver_id,date,reason,status)
values
('36da7f77-a614-4fc3-9ba0-3cd016552eed','c621bc6f-0131-46c8-bec0-c237a4f78cea','04/05/2021','Nghỉ bệnh','Đã phê duyệt'),
('6b243005-7541-494f-9612-a834041549ec','c621bc6f-0131-46c8-bec0-c237a4f78cea','05/05/2021','Đi khám bệnh','Đã phê duyệt'),
('aa293a00-8c36-4a9a-927b-9e48e49484a5','c621bc6f-0131-46c8-bec0-c237a4f78cea','06/05/2021','Bận chuyện gia đình','Đã phê duyệt'),
('1c9c811d-c6ce-45d5-8fd1-ba38ee992c87','c621bc6f-0131-46c8-bec0-c237a4f78cea','07/05/2021','Bận việc đột xuất','Đã phê duyệt'),
('053d4b4e-a36c-46f7-866b-8ae0f1bb4dac','c621bc6f-0131-46c8-bec0-c237a4f78cea','08/05/2021','Nghỉ bệnh','Đã phê duyệt');

--Dữ liệu ca trực
insert into shift(staff_id,area_id,date,description,shift)
values
('50b91436-c125-4516-a06e-8adecb5ea98c','569623f5-0ff5-44bd-8f2b-dd3a387b0d5e','10/05/2021','Quét dọn, lau sàn, vệ sinh thang máy',1),
('6b243005-7541-494f-9612-a834041549ec','0eef529c-a9e6-4000-85d7-37b87f6e76f5','10/05/2021','Quét dọn, lau sàn, chà rửa nhà vệ sinh',1),
('aa293a00-8c36-4a9a-927b-9e48e49484a5','645e8a0f-a8dd-4895-836d-ad4da0fcc472','10/05/2021','Quét rác, thu gom rác đến khu vực tập trung',1),
('a5e32974-9389-495e-a6d2-16f4337d31e9','c8bfba86-9286-471b-bbfe-901bc1469d27','10/05/2021','Quét dọn lối đi, khu vực ra vào',1),
('db218f2a-a17c-46a7-b386-346bd94a7c0f','3a3e5f11-6b0c-4794-95c6-2406762f8ebc','10/05/2021','Quét dọn, lau sàn, vệ sinh thang máy',1),
('ccca0da9-1ccd-4571-995e-de3278706b3d','2a2753b4-3243-485c-a648-832b2ede6e35','10/05/2021','Quét dọn, lau sàn, chà rửa nhà vệ sinh',1),
('1c9c811d-c6ce-45d5-8fd1-ba38ee992c87','74c5ea99-69c6-4942-a386-076fc4001014','10/05/2021','Quét rác, thu gom rác đến khu vực tập trung',1),
('50b91436-c125-4516-a06e-8adecb5ea98c','11c98fe3-18da-48a1-a8fa-bc0e2c7bfde0','10/05/2021','Quét dọn lối đi, khu vực ra vào',1),
('053d4b4e-a36c-46f7-866b-8ae0f1bb4dac','0eef529c-a9e6-4000-85d7-37b87f6e76f5','10/05/2021','Bảo vệ cơ động tuần tra an ninh các tầng lầu',1),
('02b93089-4e35-4e09-8574-f8eac6e8da57','569623f5-0ff5-44bd-8f2b-dd3a387b0d5e','10/05/2021','Trực sảnh, kiểm soát an ninh, hỗ trợ cư dân vận chuyển đồ',1),
('f073b504-da4d-4a04-a359-adf112bb5c04','645e8a0f-a8dd-4895-836d-ad4da0fcc472','10/05/2021','Gác cổng, kiểm soát pượng tiện ra vào',1),
('2c543ab9-e5af-4909-b363-2e5e310fd863','3a3e5f11-6b0c-4794-95c6-2406762f8ebc','10/05/2021','Trực sảnh, kiểm soát an ninh, hỗ trợ cư dân vận chuyển đồ',1),
('f53d2329-2033-464f-835b-ea74749ef0ac','2a2753b4-3243-485c-a648-832b2ede6e35','10/05/2021','Bảo vệ cơ động tuần tra an ninh các tầng lầu',1),
('6d51fe4f-74da-4a87-b9f1-d9dd66c7cd81','74c5ea99-69c6-4942-a386-076fc4001014','10/05/2021','Gác cổng, kiểm soát pượng tiện ra vào',1),
('28b4f2c4-d4d5-4668-936b-90da99014c47','0eef529c-a9e6-4000-85d7-37b87f6e76f5','10/05/2021','Trực sảnh, kiểm soát an ninh, hỗ trợ cư dân vận chuyển đồ',1);

--Dữ liệu thiết bị kỹ thuật
insert into device(id,name,description)
values
('1f08787c-ae21-4372-9f33-539e5523484f','Thang máy','Tên hãng: Hitachi. Tải trọng: 600kg. Kích thước: 1800x1800'),
('5343553a-5377-4a03-bd70-5165f02b215c','Camera hồng ngoại 4M','Tầm nhìn hồng ngoại: 80m. Loại chống chịu thời tiết tốt'),
('6f716e87-aa99-49b3-b221-06c8ab314806','Camera Hikvision 2M','Tầm nhìn trung bình: 20-30m. Tính năng thông minh: Chống đột nhập vào khu vực cấm. Báo động khi vượt hàng rào ảo'),
('b78073ca-a042-4e17-be17-cf0c4b9b45aa','Máy phát điện 10KW Vinafarm','Động cơ: SV292F. Tốc độ động cơ: 3000 rpm. Dung tích xi lanh : 997cc'),
('49bcf639-6fde-4f62-9551-0c4d7bb6db7b','Máy bơm nước','Hãng: Panasonic. Công suất HP(W): 350. Đẩy cao (m): 45. Lưu lượng (lít/ phút): 45 '),
('352e7d7e-21d7-487b-8542-b6886a12e334','Thiết bị PCCC (Đầu báo khói, vòi chữa cháy, chuông báo cháy)','Nhãn hiệu: Hochiki'),
('3346c035-8c47-4448-a438-4b66b1bf2ac7','Đèn cao áp năng lượng mặt trời','Công suất: 300W. Tuổi thọ: > 50000 giờ. Chống nước IP66, chống va đập, đạt tiêu chuẩn quốc tế'),
('13347a05-0d69-4bb5-b9f6-ed332d17b17b','Đèn LED âm trần','Công suất: 5W. Điện áp: 220V. Kích thước: 118x40');

--Dữ liệu bố trí thiết bị kỹ thuật
insert into device_arrange(device_id,area_id,quantity)
values
('1f08787c-ae21-4372-9f33-539e5523484f','0eef529c-a9e6-4000-85d7-37b87f6e76f5',3),
('1f08787c-ae21-4372-9f33-539e5523484f','2a2753b4-3243-485c-a648-832b2ede6e35',3),
('5343553a-5377-4a03-bd70-5165f02b215c','645e8a0f-a8dd-4895-836d-ad4da0fcc472',4),
('5343553a-5377-4a03-bd70-5165f02b215c','74c5ea99-69c6-4942-a386-076fc4001014',4),
('6f716e87-aa99-49b3-b221-06c8ab314806','569623f5-0ff5-44bd-8f2b-dd3a387b0d5e',4),
('6f716e87-aa99-49b3-b221-06c8ab314806','3a3e5f11-6b0c-4794-95c6-2406762f8ebc',4),
('b78073ca-a042-4e17-be17-cf0c4b9b45aa','0eef529c-a9e6-4000-85d7-37b87f6e76f5',1),
('b78073ca-a042-4e17-be17-cf0c4b9b45aa','2a2753b4-3243-485c-a648-832b2ede6e35',1),
('49bcf639-6fde-4f62-9551-0c4d7bb6db7b','0eef529c-a9e6-4000-85d7-37b87f6e76f5',1),
('49bcf639-6fde-4f62-9551-0c4d7bb6db7b','2a2753b4-3243-485c-a648-832b2ede6e35',1),
('352e7d7e-21d7-487b-8542-b6886a12e334','569623f5-0ff5-44bd-8f2b-dd3a387b0d5e',4),
('352e7d7e-21d7-487b-8542-b6886a12e334','0eef529c-a9e6-4000-85d7-37b87f6e76f5',40),
('352e7d7e-21d7-487b-8542-b6886a12e334','645e8a0f-a8dd-4895-836d-ad4da0fcc472',4),
('352e7d7e-21d7-487b-8542-b6886a12e334','3a3e5f11-6b0c-4794-95c6-2406762f8ebc',4),
('352e7d7e-21d7-487b-8542-b6886a12e334','2a2753b4-3243-485c-a648-832b2ede6e35',40),
('352e7d7e-21d7-487b-8542-b6886a12e334','74c5ea99-69c6-4942-a386-076fc4001014',4),
('3346c035-8c47-4448-a438-4b66b1bf2ac7','c8bfba86-9286-471b-bbfe-901bc1469d27',12),
('3346c035-8c47-4448-a438-4b66b1bf2ac7','11c98fe3-18da-48a1-a8fa-bc0e2c7bfde0',12),
('13347a05-0d69-4bb5-b9f6-ed332d17b17b','569623f5-0ff5-44bd-8f2b-dd3a387b0d5e',8),
('13347a05-0d69-4bb5-b9f6-ed332d17b17b','0eef529c-a9e6-4000-85d7-37b87f6e76f5',40),
('13347a05-0d69-4bb5-b9f6-ed332d17b17b','3a3e5f11-6b0c-4794-95c6-2406762f8ebc',8),
('13347a05-0d69-4bb5-b9f6-ed332d17b17b','2a2753b4-3243-485c-a648-832b2ede6e35',40);

--Dữ liệu bảo trì
insert into maintenance(staff_id,device_id,area_id,date)
values
('ea09d3c7-494b-4de2-864e-248af53e3015','1f08787c-ae21-4372-9f33-539e5523484f','0eef529c-a9e6-4000-85d7-37b87f6e76f5','05/05/2021'),
('88f400e4-b3e0-4ef9-b6a7-4f40684ca6d3','1f08787c-ae21-4372-9f33-539e5523484f','0eef529c-a9e6-4000-85d7-37b87f6e76f5','05/05/2021'),
('a0829f79-5645-4577-8582-0392ef916e50','b78073ca-a042-4e17-be17-cf0c4b9b45aa','0eef529c-a9e6-4000-85d7-37b87f6e76f5','05/05/2021'),
('fcf87567-cde0-4ba9-b65f-1de6d923a109','49bcf639-6fde-4f62-9551-0c4d7bb6db7b','0eef529c-a9e6-4000-85d7-37b87f6e76f5','05/05/2021'),
('edc959c2-59fd-476d-9b78-478cd9878c11','49bcf639-6fde-4f62-9551-0c4d7bb6db7b','2a2753b4-3243-485c-a648-832b2ede6e35','05/05/2021'),
('ea09d3c7-494b-4de2-864e-248af53e3015','3346c035-8c47-4448-a438-4b66b1bf2ac7','c8bfba86-9286-471b-bbfe-901bc1469d27','08/05/2021'),
('88f400e4-b3e0-4ef9-b6a7-4f40684ca6d3','3346c035-8c47-4448-a438-4b66b1bf2ac7','c8bfba86-9286-471b-bbfe-901bc1469d27','08/05/2021'),
('fcf87567-cde0-4ba9-b65f-1de6d923a109','3346c035-8c47-4448-a438-4b66b1bf2ac7','11c98fe3-18da-48a1-a8fa-bc0e2c7bfde0','08/05/2021'),
('edc959c2-59fd-476d-9b78-478cd9878c11','3346c035-8c47-4448-a438-4b66b1bf2ac7','11c98fe3-18da-48a1-a8fa-bc0e2c7bfde0','08/05/2021');

--Dữ liệu chỉ số nước
insert into water_index(apartment_id,date,start_index,end_index, status)
values
('32b5fe6e-cbf3-41f5-a334-fc3e0a1badde','28/05/2021',0,11,'Chưa chốt'),
('a3e4a586-2d48-40a6-94b7-28aa47121425','28/05/2021',0,20,'Chưa chốt'),
('58a70b6e-5ed8-4473-8ee9-fd12eb00cd4a','28/05/2021',0,18,'Chưa chốt'),
('79bd9d10-32a0-4bf0-8624-3a385f6faa99','28/05/2021',0,16,'Chưa chốt'),
('6485e53c-8fa9-454c-aaa1-66b5cfd66a93','28/05/2021',0,17,'Chưa chốt'),
('815caa48-dc8f-4cf7-8f2b-f63c34601a27','28/05/2021',0,20,'Chưa chốt'),
('9831a17c-33b3-419e-a799-99b9c595966c','28/05/2021',0,19,'Chưa chốt'),
('80414038-c511-4662-ada9-e2f75504b47c','28/05/2021',0,12,'Chưa chốt'),
('a8e240d7-4825-4729-8520-31cffcc69dd3','28/05/2021',0,15,'Chưa chốt'),
('4adcfcc3-3a9e-4c82-a69e-b9ee986c74b8','28/05/2021',0,13,'Chưa chốt'),
('789aeea4-4f20-4a7c-8fdb-af3bddee6405','28/05/2021',0,16,'Chưa chốt'),
('d61422e7-7a66-4f74-b04d-d603fb36c2d2','28/05/2021',0,19,'Chưa chốt'),
('7cc41b96-2e38-42a5-8514-58ecc1f89de8','28/05/2021',0,17,'Chưa chốt'),
('22f2d7ae-ecaf-4ad3-a1ee-20c1590b1a95','28/05/2021',0,11,'Chưa chốt'),
('cac3d48e-1053-4480-9e38-ecacf0aa216a','28/05/2021',0,12,'Chưa chốt'),
('918fdcb3-8f7d-4d02-b577-20928248f7ad','28/05/2021',0,12,'Chưa chốt'),
('2b742dff-765e-464d-a8cc-7360b9f6290c','28/05/2021',0,10,'Chưa chốt'),
('c2e3b1dc-4042-48fb-82a6-3524d2cd4a37','28/05/2021',0,14,'Chưa chốt'),
('f307e667-d072-4617-8e7d-486ec4f3adc2','28/05/2021',0,19,'Chưa chốt'),
('c079056e-a85c-45a7-b5b4-e0c9c99fea46','28/05/2021',0,20,'Chưa chốt'),
('f63998b8-68b1-4a38-a823-6a7e5971d08b','28/05/2021',0,17,'Chưa chốt'),
('1898c2ac-413e-4dd5-bf06-068d16e8cf7e','28/05/2021',0,20,'Chưa chốt'),
('b1e59072-6f62-4f3a-9f0a-9fea92fa2f20','28/05/2021',0,14,'Chưa chốt'),
('3293ce49-4c2d-420f-8228-495c221fd5aa','28/05/2021',0,20,'Chưa chốt'),
('6114e532-872c-4101-b9d4-5fb366746df3','28/05/2021',0,16,'Chưa chốt'),
('3b13c449-2de1-4545-951b-3041b8c545f8','28/05/2021',0,10,'Chưa chốt'),
('6c31c286-06ec-4f1e-b1eb-5c45573564d8','28/05/2021',0,18,'Chưa chốt'),
('18e32f14-58e2-4768-b51f-4783515dc92e','28/05/2021',0,15,'Chưa chốt'),
('3ea295c8-6410-44a0-8303-75bc9170369f','28/05/2021',0,11,'Chưa chốt'),
('569673de-44a5-4b51-b7e0-27a4e21308cc','28/05/2021',0,20,'Chưa chốt'),
('079a5a3d-882d-42cd-9102-bb49eb1eef39','28/05/2021',0,19,'Chưa chốt'),
('2299c028-3426-4e23-ab9a-dd6fef0b05c1','28/05/2021',0,17,'Chưa chốt'),
('f38e482e-c5a2-4d54-9c9a-5f27bb4388eb','28/05/2021',0,12,'Chưa chốt'),
('50bd8a36-5839-42e1-a172-775b2d8cc45d','28/05/2021',0,20,'Chưa chốt'),
('3a57116b-6e41-4ddb-96c2-3dcd12c1e419','28/05/2021',0,14,'Chưa chốt'),
('4203e89b-6e64-414a-bc9e-2999d28ebd78','28/05/2021',0,10,'Chưa chốt'),
('7f05dbc4-6dc7-4c9c-8ef2-c0e85d7a7deb','28/05/2021',0,11,'Chưa chốt'),
('bfddd97f-4576-4ef9-9784-73e2882aae37','28/05/2021',0,16,'Chưa chốt'),
('91b38417-d4e4-4642-97f4-802258a353bc','28/05/2021',0,18,'Chưa chốt'),
('e01ab005-70d0-42df-84e2-af49789c7e3c','28/05/2021',0,14,'Chưa chốt'),
('5dc373d0-f0e0-4810-b80e-00abd20c0c52','28/05/2021',0,19,'Chưa chốt'),
('77e94483-f4b1-4f46-a4f7-b167007b8598','28/05/2021',0,14,'Chưa chốt'),
('9f95b3d7-e417-45db-865c-e0006a584bac','28/05/2021',0,13,'Chưa chốt'),
('94146c50-7136-4f70-a559-22782f0ca532','28/05/2021',0,14,'Chưa chốt'),
('e2a820b1-570a-4115-8f8a-23d0f51ac611','28/05/2021',0,10,'Chưa chốt'),
('9a24ba4d-13e2-4a25-849f-08c782204e6e','28/05/2021',0,12,'Chưa chốt'),
('a4ea3e94-9d88-4263-a87a-8c8a249906c5','28/05/2021',0,20,'Chưa chốt'),
('902e1fd6-b456-4a62-a535-e8f5f9cc2295','28/05/2021',0,18,'Chưa chốt'),
('1117fb59-2744-4eab-adf0-098257248120','28/05/2021',0,17,'Chưa chốt'),
('22031b39-9364-48b1-96d5-66607c26c4e2','28/05/2021',0,19,'Chưa chốt'),
('dbf5031d-028e-4207-b174-3a49a0cb6bf5','28/05/2021',0,20,'Chưa chốt'),
('4f2264e6-5f0a-416a-b205-b15e6ba59563','28/05/2021',0,17,'Chưa chốt'),
('432eb205-cfd5-40c8-b607-378315392ded','28/05/2021',0,16,'Chưa chốt'),
('aad10a7a-82bf-452f-9f97-762f46db9b55','28/05/2021',0,13,'Chưa chốt'),
('586563a1-d609-4d1d-8902-d8de0b6528ff','28/05/2021',0,15,'Chưa chốt'),
('465988e4-2958-462e-92a6-8673d9ab9617','28/05/2021',0,18,'Chưa chốt'),
('e41aa987-f4fe-47d6-806a-e04d1ff9d0d2','28/05/2021',0,12,'Chưa chốt'),
('d057289c-25d2-4f37-b023-8cd0ec6d01c6','28/05/2021',0,10,'Chưa chốt'),
('560d209e-1eb9-43e0-b0fe-49eb1409f686','28/05/2021',0,17,'Chưa chốt'),
('87a87011-1a89-4c03-8fda-e13683484808','28/05/2021',0,17,'Chưa chốt'),
('7b881fc9-3bc7-44ec-b2ea-3f390da66899','28/05/2021',0,19,'Chưa chốt'),
('ff498619-dfc1-48ce-85da-63580935a0f7','28/05/2021',0,20,'Chưa chốt'),
('b277f903-7660-4502-9efd-88fe413ecd35','28/05/2021',0,16,'Chưa chốt'),
('2e87b3e2-a1f6-4e74-90cf-e8d02fd0d281','28/05/2021',0,15,'Chưa chốt'),
('2e043906-ea97-4d27-97b2-e94cc591b33d','28/05/2021',0,17,'Chưa chốt'),
('f30758f3-aad7-483a-85e5-592a474d3a58','28/05/2021',0,12,'Chưa chốt'),
('8a673d48-916b-42f8-9118-23cc988a5e17','28/05/2021',0,20,'Chưa chốt'),
('83ff93fc-287a-4b10-84f0-fc43f6e2676d','28/05/2021',0,11,'Chưa chốt'),
('da7ee4a5-8b10-480a-85ff-6858be4c6409','28/05/2021',0,11,'Chưa chốt'),
('514ad7e4-309c-4063-9018-4051e6d88478','28/05/2021',0,12,'Chưa chốt'),
('877f79dc-99ab-4f04-b65a-a3431c219296','28/05/2021',0,11,'Chưa chốt'),
('f3cd304c-790c-4dbd-969d-59bdea0cf2a3','28/05/2021',0,17,'Chưa chốt'),
('82b88b54-31a2-4ab5-997e-288144465986','28/05/2021',0,20,'Chưa chốt'),
('8c726f03-1711-46a9-8576-5ccb1b884482','28/05/2021',0,15,'Chưa chốt'),
('dc7a986b-bfcb-43d5-9903-ea2decae364d','28/05/2021',0,13,'Chưa chốt'),
('7da13665-0a2f-48bd-bfe8-f75361cfeca5','28/05/2021',0,11,'Chưa chốt'),
('b3cf5e52-2354-4e4b-8dab-23001eaab396','28/05/2021',0,13,'Chưa chốt'),
('d58a1a4d-2b93-44c5-8b87-d97498c01c19','28/05/2021',0,17,'Chưa chốt'),
('01be8ce7-360f-46fa-85d6-0841e7ab952f','28/05/2021',0,20,'Chưa chốt'),
('f70c5688-cef0-4aaa-9242-156d6f1abbcd','28/05/2021',0,15,'Chưa chốt'),
('5d9e4835-14be-4bb3-85e0-ef7374588e4c','28/05/2021',0,18,'Chưa chốt'),
('8a5c2aba-fe5a-455f-a705-9adebd941ab2','28/05/2021',0,19,'Chưa chốt'),
('09708e1b-dce8-49c3-9a55-08ca322acd5b','28/05/2021',0,14,'Chưa chốt'),
('41e83532-43ff-4122-8255-91bc0e0b1355','28/05/2021',0,20,'Chưa chốt'),
('6ee85ab1-cb69-4c15-99d8-b1a15f33748a','28/05/2021',0,18,'Chưa chốt'),
('9c8e8c14-68a0-4df1-ae68-3793d9e471c8','28/05/2021',0,11,'Chưa chốt'),
('4e3ff36c-785d-479c-8a92-2fb2e858fb8e','28/05/2021',0,15,'Chưa chốt'),
('9211879d-c2de-4b9c-9ca2-8c46fad80ac8','28/05/2021',0,18,'Chưa chốt'),
('dfc0a7a5-ddb5-4ed1-9404-230f69a876ea','28/05/2021',0,14,'Chưa chốt'),
('15a762c4-7412-4c21-b277-d891b11833cf','28/05/2021',0,14,'Chưa chốt'),
('82c5763f-b2d2-4cc3-a8bf-d1f9d85c7e03','28/05/2021',0,19,'Chưa chốt'),
('812aa740-9f4d-4435-b9f6-206a8cc4aa9d','28/05/2021',0,16,'Chưa chốt'),
('bc465fff-847f-4654-94c1-7c42e5f76040','28/05/2021',0,11,'Chưa chốt'),
('9312bff5-2649-4d81-9fb0-1e1cf2a576ae','28/05/2021',0,16,'Chưa chốt'),
('9afb289a-3d3f-41b9-952a-b8b05c4913b9','28/05/2021',0,15,'Chưa chốt'),
('8de095f3-3ada-4a43-a39d-f7f8a09bb428','28/05/2021',0,12,'Chưa chốt'),
('2063c992-68ff-4e53-9f46-83d87f7e5f69','28/05/2021',0,11,'Chưa chốt'),
('c357d54f-1b09-4073-a251-ba4f21de6775','28/05/2021',0,10,'Chưa chốt'),
('bd231bef-fc68-45eb-b0de-3f9293646f22','28/05/2021',0,16,'Chưa chốt'),
('68ea8647-83cf-4e91-b18b-77e1191d4a3e','28/05/2021',0,17,'Chưa chốt'),
('524adcb0-7e54-45d2-89e5-07a13f415542','28/05/2021',0,14,'Chưa chốt'),
('9f79438c-d4b5-4701-9da2-307d8b805078','28/05/2021',0,14,'Chưa chốt'),
('75dd3fcb-a9f1-4796-9ad9-cbf85c7beb59','28/05/2021',0,18,'Chưa chốt'),
('dd807a99-b841-4f12-9fe2-0c37fd30871e','28/05/2021',0,19,'Chưa chốt'),
('677b0529-bfbe-431b-a814-cc82bc98eadb','28/05/2021',0,11,'Chưa chốt'),
('46adb7af-cca9-410a-9e4b-de30048de4ae','28/05/2021',0,15,'Chưa chốt'),
('6eb03862-48c3-473f-9e07-83b8eb141a34','28/05/2021',0,16,'Chưa chốt'),
('0d9fda6d-6526-4f0c-8625-adfed288c192','28/05/2021',0,18,'Chưa chốt');
